Key,Value/Id,Value/ShardId,Value/ShardRate,Value/RareItemId,Value/RareItemQuantity,Value/RareItemRate,Value/CommonItemId,Value/CommonItemQuantity,Value/CommonRate,Value/RareIngredientId,Value/RareIngredientQuantity,Value/RareIngredientRate,Value/CommonIngredientId,Value/CommonIngredientQuantity,Value/CommonIngredientRate,Value/CoinType,Value/CoinOverride,Value/CoinRate,Value/AreaChangeTreasureFlag
HPRecover,10,ChangeHP,100,ChangeHP,2,100,None,0,0,None,0,0,None,0,0,EDropCoin::None,0,0,false
SPEED,11,optimizer,100,optimizer,1,100,None,0,0,None,0,0,None,0,0,EDropCoin::None,0,0,false
Peanut,12,ChangeHP,100,ChangeHP,1,100,None,0,0,None,0,0,None,0,0,EDropCoin::None,0,0,false
Lantern,13,ChangeHP,100,ChangeHP,1,100,None,0,0,None,0,0,None,0,0,EDropCoin::None,0,0,false
AAAA,14,None,1,None,0,0,None,0,0,None,0,0,None,0,0,EDropCoin::None,0,0,false
TestIngredients,18,None,0,Flour,1,100,Garlic,1,100,Potato,1,100,None,0,0,EDropCoin::None,0,0,false
VillageKeyBox,19,None,0,None,0,0,VillageKey,1,100,None,0,0,None,0,0,EDropCoin::None,0,0,false
PotionMaterial,20,None,0,BatFeather,3,100,MeltedBone,3,100,Iron,4,100,Bronze,4,100,EDropCoin::None,0,0,false
PhotoEvent,21,None,0,None,0,0,IDphoto,1,100,None,0,0,None,0,0,EDropCoin::None,0,0,false
CertificationboardEvent,22,None,0,None,0,0,Certificationboard,1,100,None,0,0,None,0,0,EDropCoin::None,0,0,false
Qu07_Last,23,None,0,None,0,0,Adversityring,1,100,None,0,0,None,0,0,EDropCoin::None,0,0,false
Swordsman,24,None,0,None,0,0,Swordsman,1,100,None,0,0,None,0,0,EDropCoin::None,0,0,false
Tresurebox_SAN000_01,28,None,0,Potion,1,100,None,0,0,None,0,0,None,0,0,EDropCoin::None,0,0,false
Tresurebox_SAN000_02,29,None,0,Potion,1,100,None,0,0,None,0,0,None,0,0,EDropCoin::None,0,0,false
Tresurebox_SAN_Tunic,30,None,0,Potion,1,100,None,0,0,None,0,0,None,0,0,EDropCoin::None,0,0,false
Tresurebox_SAN003_02,31,None,0,Potion,1,100,None,0,0,None,0,0,None,0,0,EDropCoin::None,0,0,false
Tresurebox_SAN003_03,32,None,0,Potion,1,100,None,0,0,None,0,0,None,0,0,EDropCoin::None,0,0,false
Tresurebox_SAN003_04,33,None,0,Potion,1,100,None,0,0,None,0,0,None,0,0,EDropCoin::None,0,0,false
Tresurebox_SAN016_01,34,None,0,Potion,1,0,None,0,0,None,0,0,None,0,0,EDropCoin::None,0,0,false
Tresurebox_SAN016_02,35,None,0,Potion,1,100,None,0,0,None,0,0,None,0,0,EDropCoin::None,0,0,false
Tresurebox_SAN017_01,36,None,0,Potion,1,100,None,0,0,None,0,0,None,0,0,EDropCoin::None,0,0,false
Tresurebox_SAN019_01,37,None,0,Potion,1,100,None,0,0,None,0,0,None,0,0,EDropCoin::None,0,0,false
Tresurebox_SAN_Spear,38,None,0,Potion,1,100,None,0,0,None,0,0,None,0,0,EDropCoin::None,0,0,false
Tresurebox_SAN_Shoes,39,None,0,Potion,1,100,None,0,0,None,0,0,None,0,0,EDropCoin::None,0,0,false
Tresurebox_SAN_Awhip,40,None,0,Potion,1,100,None,0,0,None,0,0,None,0,0,EDropCoin::None,0,0,false
Tresurebox_SAN_Dull,41,None,0,Potion,1,100,None,0,0,None,0,0,None,0,0,EDropCoin::None,0,0,false
Tresurebox_SAN_Claymore,42,None,0,Potion,1,100,None,0,0,None,0,0,None,0,0,EDropCoin::None,0,0,false
Tresurebox_SAN_Headband,43,None,0,Potion,1,100,None,0,0,None,0,0,None,0,0,EDropCoin::None,0,0,false
Tresurebox_SAN_Morgenstern,44,None,0,Potion,1,100,None,0,0,None,0,0,None,0,0,EDropCoin::None,0,0,false
Tresurebox_SAN_Baselard,45,None,0,Potion,1,100,None,0,0,None,0,0,None,0,0,EDropCoin::None,0,0,false
Tresurebox_SAN_High_Potion,46,None,0,Potion,1,100,None,0,0,None,0,0,None,0,0,EDropCoin::None,0,0,false
Tresurebox_SAN_High_Potion,47,None,0,Potion,1,100,None,0,0,None,0,0,None,0,0,EDropCoin::None,0,0,false
Tresurebox_SAN_High_Potion,48,None,0,Potion,1,100,None,0,0,None,0,0,None,0,0,EDropCoin::None,0,0,false
Tresurebox_SAN_High_Ether,49,None,0,Potion,1,100,None,0,0,None,0,0,None,0,0,EDropCoin::None,0,0,false
Tresurebox_SAN_High_Ether,50,None,0,Potion,1,100,None,0,0,None,0,0,None,0,0,EDropCoin::None,0,0,false
Tresurebox_SAN_High_Ether,51,None,0,Potion,1,100,None,0,0,None,0,0,None,0,0,EDropCoin::None,0,0,false
Treasurebox_SIP000_Tutorial,53,None,0,Knife,1,100,KungFuShoes,1,100,None,0,0,None,0,0,EDropCoin::None,0,0,false
Treasurebox_SIP002,54,None,0,Potion,1,100,None,0,0,None,0,0,None,0,0,EDropCoin::None,0,0,false
Treasurebox_SIP003,55,None,0,RustedRing,1,100,None,0,0,None,0,0,None,0,0,EDropCoin::None,0,0,false
Treasurebox_SIP004,56,None,0,Countrydress,1,100,None,0,0,None,0,0,None,0,0,EDropCoin::None,0,0,false
Treasurebox_SIP005,57,None,0,Tunic,1,100,None,0,0,None,0,0,None,0,0,EDropCoin::None,0,0,false
Treasurebox_SIP005,58,None,0,Potion,1,100,None,0,0,None,0,0,None,0,0,EDropCoin::None,0,0,false
Treasurebox_SIP006,59,None,0,Headband,1,100,None,0,0,None,0,0,None,0,0,EDropCoin::None,0,0,false
Treasurebox_SIP007,60,None,0,Musketon,1,100,None,0,0,None,0,0,None,0,0,EDropCoin::None,0,0,false
Treasurebox_SIP007,61,None,0,Softpoint,5,100,None,0,0,None,0,0,None,0,0,EDropCoin::None,0,0,false
Treasurebox_SIP009,62,None,0,Bronze,1,40,Hemp,1,40,Halite,1,40,Sugar,1,40,EDropCoin::D10,10,0,true
Treasurebox_SIP011,63,None,0,ShortSword,1,100,None,0,0,None,0,0,None,0,0,EDropCoin::None,0,0,false
Treasurebox_SIP011,64,None,0,Bronze,1,40,Hemp,1,40,Halite,1,40,Sugar,1,40,EDropCoin::D10,10,0,true
Treasurebox_SIP011,65,None,0,Softpoint,5,100,None,0,0,None,0,0,None,0,0,EDropCoin::None,0,0,false
Treasurebox_SIP011,66,None,0,ShipMap,1,100,None,0,0,None,0,0,None,0,0,EDropCoin::None,0,0,false
Treasurebox_SIP012,67,None,0,Bronze,1,40,Hemp,1,40,Halite,1,40,Sugar,1,40,EDropCoin::D10,10,0,true
Treasurebox_SIP013,68,None,0,Turbinemuffler,1,100,None,0,0,None,0,0,None,0,0,EDropCoin::None,0,0,false
Treasurebox_SIP014,69,None,0,Triplet,1,100,None,0,0,None,0,0,None,0,0,EDropCoin::None,0,0,false
Treasurebox_SIP014,70,None,0,Potion,1,100,None,0,0,None,0,0,None,0,0,EDropCoin::None,0,0,false
Treasurebox_SIP015,71,None,0,Bronze,1,40,Hemp,1,40,Halite,1,40,Sugar,1,40,EDropCoin::D10,10,0,true
Treasurebox_SIP016,72,None,0,Claymore,1,100,None,0,0,None,0,0,None,0,0,EDropCoin::None,0,0,false
Treasurebox_SIP017,73,None,0,SeedCorn,1,100,SeedRice,1,100,SeedPotato,1,100,0,0,0,EDropCoin::D10,10,0,true
Treasurebox_SIP018,74,None,0,Awhip,1,100,None,0,0,None,0,0,None,0,0,EDropCoin::None,0,0,false
Treasurebox_SIP019,75,None,0,None,0,0,None,0,0,None,0,0,None,0,0,EDropCoin::D1000,500,100,false
Treasurebox_SIP020,76,None,0,Potion,1,100,None,0,0,None,0,0,None,0,0,EDropCoin::None,0,0,false
Treasurebox_SIP021,77,None,0,Potion,1,100,None,0,0,None,0,0,None,0,0,EDropCoin::None,0,0,false
Treasurebox_SIP021,78,None,0,None,0,0,None,0,0,None,0,0,None,0,0,EDropCoin::D1000,500,100,false
Treasurebox_SIP024,79,None,0,MaxBulletUP,1,100,None,0,0,None,0,0,None,0,0,EDropCoin::None,0,0,false
Treasurebox_SIP024,80,None,0,Carvalin,1,100,None,0,0,None,0,0,None,0,0,EDropCoin::None,0,0,false
Treasurebox_SIP025,81,None,0,None,0,0,None,0,0,None,0,0,None,0,0,EDropCoin::D1000,1000,100,false
Treasurebox_SIP025,82,None,0,MaxMPUP,1,100,None,0,0,None,0,0,None,0,0,EDropCoin::None,0,0,false
Treasurebox_SIP026,83,None,0,PirateTriangleCap,1,100,None,0,0,None,0,0,None,0,0,EDropCoin::None,0,0,false
Treasurebox_VIL001,85,None,0,None,0,0,None,0,0,None,0,0,None,0,0,EDropCoin::D1000,500,100,false
Treasurebox_VIL003,86,None,0,Waystone,1,100,None,0,0,None,0,0,None,0,0,EDropCoin::None,0,0,false
Treasurebox_VIL005,87,None,0,Gebelsglasses,1,100,None,0,0,None,0,0,None,0,0,EDropCoin::None,0,0,false
Treasurebox_VIL006,88,None,0,Elfearcap,1,100,None,0,0,None,0,0,None,0,0,EDropCoin::None,0,0,false
Treasurebox_VIL006,89,None,0,Hollowpoint,5,100,None,0,0,None,0,0,None,0,0,EDropCoin::None,0,0,false
Treasurebox_VIL006,90,None,0,MaxBulletUP,1,100,None,0,0,None,0,0,None,0,0,EDropCoin::None,0,0,false
Treasurebox_VIL006,91,None,0,MaxBulletUP,1,100,None,0,0,None,0,0,None,0,0,EDropCoin::None,0,0,false
Treasurebox_VIL007,92,None,0,Baselard,1,100,None,0,0,None,0,0,None,0,0,EDropCoin::None,0,0,false
Treasurebox_VIL008,93,None,0,MaxHPUP,1,100,None,0,0,None,0,0,None,0,0,EDropCoin::None,0,0,false
Treasurebox_VIL008,94,None,0,MaxMPUP,1,100,None,0,0,None,0,0,None,0,0,EDropCoin::None,0,0,false
Treasurebox_VIL010,95,None,0,8BitCoin,1,100,None,0,0,None,0,0,None,0,0,EDropCoin::None,0,0,false
Treasurebox_ENT002,97,None,0,Skinbreastplate,1,100,None,0,0,None,0,0,None,0,0,EDropCoin::None,0,0,false
Treasurebox_ENT002,98,None,0,Iron,1,40,ElmLumber,1,40,Bronze,1,50,Hemp,1,40,EDropCoin::D50,50,0,true
Treasurebox_ENT002,99,None,0,None,0,0,None,0,0,None,0,0,None,0,0,EDropCoin::D1000,1000,100,false
Treasurebox_ENT004,100,None,0,None,0,0,None,0,0,None,0,0,None,0,0,EDropCoin::D1000,500,100,false
Treasurebox_ENT005,101,None,0,Ether,1,100,None,0,0,None,0,0,None,0,0,EDropCoin::None,0,0,false
Treasurebox_ENT005,102,None,0,MaxBulletUP,1,100,None,0,0,None,0,0,None,0,0,EDropCoin::None,0,0,false
Treasurebox_ENT007,103,None,0,MaxHPUP,1,100,None,0,0,None,0,0,None,0,0,EDropCoin::None,0,0,false
Treasurebox_ENT007,104,None,0,Mithridate,1,40,Obsidian,1,40,Iron,1,40,ElmLumber,1,40,EDropCoin::D50,50,0,true
Treasurebox_ENT007,105,None,0,Branderbus,1,100,None,0,0,None,0,0,None,0,0,EDropCoin::None,0,0,false
Treasurebox_ENT008,106,None,0,Potion,1,100,None,0,0,None,0,0,None,0,0,EDropCoin::None,0,0,false
Treasurebox_ENT009,107,None,0,KillerBoots,1,100,None,0,0,None,0,0,None,0,0,EDropCoin::None,0,0,false
Treasurebox_ENT011,108,None,0,ItemRecipe001,1,100,None,0,0,None,0,0,None,0,0,EDropCoin::None,0,0,false
Treasurebox_ENT011,109,None,0,Iron,1,40,ElmLumber,1,40,Bronze,1,50,Hemp,1,40,EDropCoin::D50,50,0,true
Treasurebox_ENT012,110,None,0,HighEther,1,100,None,0,0,None,0,0,None,0,0,EDropCoin::None,0,0,false
Treasurebox_ENT014,111,None,0,Waystone,1,100,None,0,0,None,0,0,None,0,0,EDropCoin::None,0,0,false
Treasurebox_ENT014,112,None,0,MaxBulletUP,1,100,None,0,0,None,0,0,None,0,0,EDropCoin::None,0,0,false
Treasurebox_ENT014,113,None,0,MaxHPUP,1,100,None,0,0,None,0,0,None,0,0,EDropCoin::None,0,0,false
Treasurebox_ENT015,114,None,0,Iron,1,40,ElmLumber,1,40,Bronze,1,50,Hemp,1,40,EDropCoin::D50,50,0,true
Treasurebox_ENT018,115,None,0,Mithridate,1,40,Obsidian,1,40,Iron,1,40,ElmLumber,1,40,EDropCoin::D50,50,0,true
Treasurebox_ENT018,116,None,0,Mithridate,1,40,Obsidian,1,40,Iron,1,40,ElmLumber,1,40,EDropCoin::D50,50,0,true
Treasurebox_ENT020,117,None,0,Santacap,1,100,None,0,0,None,0,0,None,0,0,EDropCoin::None,0,0,false
Treasurebox_ENT020,118,None,0,MaxBulletUP,1,100,None,0,0,None,0,0,None,0,0,EDropCoin::None,0,0,false
Treasurebox_ENT021,119,None,0,MaxHPUP,1,100,None,0,0,None,0,0,None,0,0,EDropCoin::None,0,0,false
Treasurebox_ENT022,120,None,0,Crowhat,1,100,None,0,0,None,0,0,None,0,0,EDropCoin::None,0,0,false
Treasurebox_ENT024,121,None,0,DishRecipe005,1,100,None,0,0,None,0,0,None,0,0,EDropCoin::None,0,0,false
Treasurebox_ENT024,122,None,0,MaxBulletUP,1,100,None,0,0,None,0,0,None,0,0,EDropCoin::None,0,0,false
Treasurebox_ENT024,123,None,0,Emerald,1,40,Ruby,1,40,Sapphire,1,40,Silver,1,30,EDropCoin::D100,100,0,true
Treasurebox_GDN002,125,None,0,MaxHPUP,1,100,None,0,0,None,0,0,None,0,0,EDropCoin::None,0,0,false
Treasurebox_GDN004,126,None,0,Morgenstern,1,100,None,0,0,None,0,0,None,0,0,EDropCoin::None,0,0,false
Treasurebox_GDN006,127,None,0,Beastberet,1,100,None,0,0,None,0,0,None,0,0,EDropCoin::None,0,0,false
Treasurebox_GDN006,128,None,0,ArmsRecipe004,1,100,None,0,0,None,0,0,None,0,0,EDropCoin::None,0,0,false
Treasurebox_GDN006,129,None,0,MaxMPUP,1,100,None,0,0,None,0,0,None,0,0,EDropCoin::None,0,0,false
Treasurebox_GDN006,130,None,0,MaxHPUP,1,100,None,0,0,None,0,0,None,0,0,EDropCoin::None,0,0,false
Treasurebox_GDN006,131,None,0,KungFuBest,1,100,None,0,0,None,0,0,None,0,0,EDropCoin::None,0,0,false
Treasurebox_GDN007,132,None,0,None,0,0,None,0,0,None,0,0,None,0,0,EDropCoin::D1000,500,100,false
Treasurebox_GDN009,133,None,0,ItemRecipe003,1,100,None,0,0,None,0,0,None,0,0,EDropCoin::None,0,0,false
Treasurebox_GDN009,134,None,0,MaxHPUP,1,100,None,0,0,None,0,0,None,0,0,EDropCoin::None,0,0,false
Treasurebox_GDN010,135,None,0,Ginger,1,40,Steel,1,40,Cotton,1,50,OakLumber,1,30,EDropCoin::D50,50,0,true
Treasurebox_GDN012,136,None,0,None,0,0,None,0,0,None,0,0,None,0,0,EDropCoin::D1000,500,100,false
Treasurebox_GDN012,137,None,0,MaxMPUP,1,100,None,0,0,None,0,0,None,0,0,EDropCoin::None,0,0,false
Treasurebox_GDN013,138,None,0,Blackbelt,1,100,None,0,0,None,0,0,None,0,0,EDropCoin::None,0,0,false
Treasurebox_GDN013,139,None,0,Ginger,1,40,Steel,1,40,Cotton,1,50,OakLumber,1,30,EDropCoin::D50,50,0,true
Treasurebox_GDN013,140,None,0,MaxBulletUP,1,100,None,0,0,None,0,0,None,0,0,EDropCoin::None,0,0,false
Treasurebox_GDN013,141,None,0,Moonring,1,100,None,0,0,None,0,0,None,0,0,EDropCoin::None,0,0,false
Treasurebox_GDN014,142,None,0,Potion,1,100,None,0,0,None,0,0,None,0,0,EDropCoin::None,0,0,false
Treasurebox_SAN000,144,None,0,Flanders,1,100,None,0,0,None,0,0,None,0,0,EDropCoin::None,0,0,false
Treasurebox_SAN000,145,None,0,Potion,1,100,None,0,0,None,0,0,None,0,0,EDropCoin::None,0,0,false
Treasurebox_SAN003,146,None,0,McAutil,1,100,None,0,0,None,0,0,None,0,0,EDropCoin::None,0,0,false
Treasurebox_SAN003,147,None,0,WorldfashionNo02,1,100,None,0,0,None,0,0,None,0,0,EDropCoin::None,0,0,false
Treasurebox_SAN003,148,None,0,Potion,1,100,None,0,0,None,0,0,None,0,0,EDropCoin::None,0,0,false
Treasurebox_SAN003,149,None,0,MaxHPUP,1,100,None,0,0,None,0,0,None,0,0,EDropCoin::None,0,0,false
Treasurebox_SAN003,150,None,0,MaxMPUP,1,100,None,0,0,None,0,0,None,0,0,EDropCoin::None,0,0,false
Treasurebox_SAN003,151,None,0,MaxBulletUP,1,100,None,0,0,None,0,0,None,0,0,EDropCoin::None,0,0,false
Treasurebox_SAN003,152,None,0,Mithridate,1,40,Obsidian,1,40,Iron,1,40,ElmLumber,1,40,EDropCoin::D50,50,0,true
Treasurebox_SAN003,153,None,0,MaxBulletUP,1,100,None,0,0,None,0,0,None,0,0,EDropCoin::None,0,0,false
Treasurebox_SAN005,154,None,0,DanceMask,1,100,None,0,0,None,0,0,None,0,0,EDropCoin::None,0,0,false
Treasurebox_SAN005,155,None,0,MaxBulletUP,1,100,None,0,0,None,0,0,None,0,0,EDropCoin::None,0,0,false
Treasurebox_SAN005,156,None,0,Mithridate,1,40,Obsidian,1,40,Iron,1,40,ElmLumber,1,40,EDropCoin::D50,50,0,true
Treasurebox_SAN005,157,None,0,Potion,1,100,None,0,0,None,0,0,None,0,0,EDropCoin::None,0,0,false
Treasurebox_SAN009,158,None,0,WorldfashionNo10,1,100,None,0,0,None,0,0,None,0,0,EDropCoin::None,0,0,false
Treasurebox_SAN009,159,None,0,Worldfashionfirstissue,1,100,None,0,0,None,0,0,None,0,0,EDropCoin::None,0,0,false
Treasurebox_SAN009,160,None,0,Mithridate,1,40,Obsidian,1,40,Iron,1,40,ElmLumber,1,40,EDropCoin::D50,50,0,true
Treasurebox_SAN013,161,None,0,UnicornRing,1,100,None,0,0,None,0,0,None,0,0,EDropCoin::None,0,0,false
Treasurebox_SAN013,162,None,0,MaxHPUP,1,100,None,0,0,None,0,0,None,0,0,EDropCoin::None,0,0,false
Treasurebox_SAN014,163,None,0,CrusadeArmor,1,100,None,0,0,None,0,0,None,0,0,EDropCoin::None,0,0,false
Treasurebox_SAN015,164,None,0,Mithridate,1,40,Obsidian,1,40,Iron,1,40,ElmLumber,1,40,EDropCoin::D50,50,0,true
Treasurebox_SAN015,165,None,0,MaxHPUP,1,100,None,0,0,None,0,0,None,0,0,EDropCoin::None,0,0,false
Treasurebox_SAN015,166,None,0,MaxMPUP,1,100,None,0,0,None,0,0,None,0,0,EDropCoin::None,0,0,false
Treasurebox_SAN016,167,None,0,SpongeCake,1,50,Mithril,1,40,Felt,1,50,Platinum,1,20,EDropCoin::D500,500,0,true
Treasurebox_SAN016,168,None,0,SpongeCake,1,50,Mithril,1,40,Felt,1,50,Platinum,1,20,EDropCoin::D500,500,0,true
Treasurebox_SAN016,169,None,0,ScrambledEggs,1,100,None,0,0,None,0,0,None,0,0,EDropCoin::None,0,0,false
Treasurebox_SAN016,170,None,0,None,0,0,None,0,0,None,0,0,None,0,0,EDropCoin::D1000,2000,100,false
Treasurebox_SAN016,171,None,0,MaxHPUP,1,100,None,0,0,None,0,0,None,0,0,EDropCoin::None,0,0,false
Treasurebox_SAN017,172,None,0,DishRecipe010,1,100,None,0,0,None,0,0,None,0,0,EDropCoin::None,0,0,false
Treasurebox_SAN017,173,None,0,SpongeCake,1,50,Mithril,1,40,Felt,1,50,Platinum,1,20,EDropCoin::D500,500,0,true
Treasurebox_SAN019,174,None,0,ArmsRecipe019,1,100,None,0,0,None,0,0,None,0,0,EDropCoin::None,0,0,false
Treasurebox_SAN019,175,None,0,None,0,0,None,0,0,None,0,0,None,0,0,EDropCoin::D1000,2000,100,false
Treasurebox_SAN019,176,None,0,MaxHPUP,1,100,None,0,0,None,0,0,None,0,0,EDropCoin::None,0,0,false
Treasurebox_SAN020,177,None,0,SpongeCake,1,50,Mithril,1,40,Felt,1,50,Platinum,1,20,EDropCoin::D500,500,0,true
Treasurebox_SAN021,178,None,0,Keyofbacker1,1,100,None,0,0,None,0,0,None,0,0,EDropCoin::None,0,0,false
Treasurebox_SAN021,179,None,0,None,0,0,None,0,0,None,0,0,None,0,0,EDropCoin::D1000,2000,100,false
Treasurebox_SAN021,180,None,0,MaxHPUP,1,100,None,0,0,None,0,0,None,0,0,EDropCoin::None,0,0,false
Treasurebox_SAN021,181,None,0,MaxMPUP,1,100,None,0,0,None,0,0,None,0,0,EDropCoin::None,0,0,false
Treasurebox_SAN021,182,None,0,None,0,0,None,0,0,None,0,0,None,0,0,EDropCoin::D1000,2000,100,false
Treasurebox_SAN024,183,None,0,Redumbrella,1,100,None,0,0,None,0,0,None,0,0,EDropCoin::None,0,0,false
Treasurebox_TWR000,185,None,0,Ginger,1,40,Steel,1,40,Cotton,1,50,OakLumber,1,30,EDropCoin::D50,50,0,true
Treasurebox_TWR000,186,None,0,Mithridate,1,100,None,0,0,None,0,0,None,0,0,EDropCoin::None,0,0,false
Treasurebox_TWR000,187,None,0,Softpoint,5,100,None,0,0,None,0,0,None,0,0,EDropCoin::None,0,0,false
Treasurebox_TWR003,188,None,0,Ether,1,100,None,0,0,None,0,0,None,0,0,EDropCoin::None,0,0,false
Treasurebox_TWR004,189,None,0,Breathingforcedmask,1,100,None,0,0,None,0,0,None,0,0,EDropCoin::None,0,0,false
Treasurebox_TWR005,190,None,0,GadgetBand,1,100,None,0,0,None,0,0,None,0,0,EDropCoin::None,0,0,false
Treasurebox_TWR006,191,None,0,Emerald,1,40,Ruby,1,40,Sapphire,1,40,Silver,1,30,EDropCoin::D100,100,0,true
Treasurebox_TWR006,192,None,0,Emerald,1,40,Ruby,1,40,Sapphire,1,40,Silver,1,30,EDropCoin::D100,100,0,true
Treasurebox_TWR008,193,None,0,BalletRecipe002,1,100,None,0,0,None,0,0,None,0,0,EDropCoin::None,0,0,false
Treasurebox_TWR009,194,None,0,Partizan,1,100,None,0,0,None,0,0,None,0,0,EDropCoin::None,0,0,false
Treasurebox_TWR010,195,None,0,Emerald,1,40,Ruby,1,40,Sapphire,1,40,Silver,1,30,EDropCoin::D100,100,0,true
Treasurebox_TWR012,196,None,0,Emerald,1,40,Ruby,1,40,Sapphire,1,40,Silver,1,30,EDropCoin::D100,100,0,true
Treasurebox_TWR013,197,None,0,HighPotion,1,100,None,0,0,None,0,0,None,0,0,EDropCoin::None,0,0,false
Treasurebox_TWR013,198,None,0,Emerald,1,40,Ruby,1,40,Sapphire,1,40,Silver,1,30,EDropCoin::D100,100,0,true
Treasurebox_TWR015,199,None,0,Emerald,1,40,Ruby,1,40,Sapphire,1,40,Silver,1,30,EDropCoin::D100,100,0,true
Treasurebox_TWR016,200,None,0,HighPotion,1,100,None,0,0,None,0,0,None,0,0,EDropCoin::None,0,0,false
Treasurebox_TWR017,201,None,0,RemoteDart,1,100,None,0,0,None,0,0,None,0,0,EDropCoin::None,0,0,false
Treasurebox_TWR017,202,None,0,Ginger,1,40,Steel,1,40,Cotton,1,50,OakLumber,1,30,EDropCoin::D50,50,0,true
Treasurebox_TWR017,203,None,0,Mithridate,1,100,None,0,0,None,0,0,None,0,0,EDropCoin::None,0,0,false
Treasurebox_TWR017,204,None,0,WorldfashionNo06,1,100,None,0,0,None,0,0,None,0,0,EDropCoin::None,0,0,false
Treasurebox_TWR017,205,None,0,sunglasses,1,100,None,0,0,None,0,0,None,0,0,EDropCoin::None,0,0,false
Treasurebox_TWR017,206,None,0,MaxMPUP,1,100,None,0,0,None,0,0,None,0,0,EDropCoin::None,0,0,false
Treasurebox_TWR017,207,None,0,MaxHPUP,1,100,None,0,0,None,0,0,None,0,0,EDropCoin::None,0,0,false
Treasurebox_TWR018,208,None,0,Emerald,1,40,Ruby,1,40,Sapphire,1,40,Silver,1,30,EDropCoin::D100,100,0,true
Treasurebox_TWR018,209,None,0,WorldfashionNo07,1,100,None,0,0,None,0,0,None,0,0,EDropCoin::None,0,0,false
Treasurebox_TWR018,210,None,0,Emerald,1,40,Ruby,1,40,Sapphire,1,40,Silver,1,30,EDropCoin::D100,100,0,true
Treasurebox_TWR018,211,None,0,DishRecipe007,1,100,None,0,0,None,0,0,None,0,0,EDropCoin::None,0,0,false
Treasurebox_TWR018,212,None,0,SteamFlatWideEnd,1,100,None,0,0,None,0,0,None,0,0,EDropCoin::None,0,0,false
Treasurebox_TWR018,213,None,0,DishRecipe004,1,100,None,0,0,None,0,0,None,0,0,EDropCoin::None,0,0,false
Treasurebox_TWR018,214,None,0,MaxMPUP,1,100,None,0,0,None,0,0,None,0,0,EDropCoin::None,0,0,false
Treasurebox_TWR018,215,None,0,MaxHPUP,1,100,None,0,0,None,0,0,None,0,0,EDropCoin::None,0,0,false
Treasurebox_TWR019,216,None,0,Silverbromide,1,100,None,0,0,None,0,0,None,0,0,EDropCoin::None,0,0,false
Treasurebox_TWR019,217,None,0,BreastplateofAguilar,1,100,None,0,0,None,0,0,None,0,0,EDropCoin::None,0,0,false
Treasurebox_TWR019,218,None,0,MaxHPUP,1,100,None,0,0,None,0,0,None,0,0,EDropCoin::None,0,0,false
Treasurebox_TWR019,219,None,0,MaxBulletUP,1,100,None,0,0,None,0,0,None,0,0,EDropCoin::None,0,0,false
Treasurebox_LIB001,221,None,0,Emerald,1,40,Ruby,1,40,Sapphire,1,40,Silver,1,30,EDropCoin::D100,100,0,true
Treasurebox_LIB001,222,None,0,MaxBulletUP,1,100,None,0,0,None,0,0,None,0,0,EDropCoin::None,0,0,false
Treasurebox_LIB002,223,None,0,DishRecipe008,1,100,None,0,0,None,0,0,None,0,0,EDropCoin::None,0,0,false
Treasurebox_LIB007,224,None,0,Waystone,1,100,None,0,0,None,0,0,None,0,0,EDropCoin::None,0,0,false
Treasurebox_LIB009,225,None,0,NoseEyeglasses,1,100,None,0,0,None,0,0,None,0,0,EDropCoin::None,0,0,false
Treasurebox_LIB009,226,None,0,MacaroniAndCheese,1,100,None,0,0,None,0,0,None,0,0,EDropCoin::None,0,0,false
Treasurebox_LIB011,227,None,0,FeatherCrown,1,100,None,0,0,None,0,0,None,0,0,EDropCoin::None,0,0,false
Treasurebox_LIB012,228,None,0,MaxHPUP,1,100,None,0,0,None,0,0,None,0,0,EDropCoin::None,0,0,false
Treasurebox_LIB013,229,None,0,Garlic,1,50,WalnutLumber,1,40,DamascusSteel,1,40,Mithril,1,30,EDropCoin::D100,100,0,true
Treasurebox_LIB017,230,None,0,Garlic,1,50,WalnutLumber,1,40,DamascusSteel,1,40,Mithril,1,30,EDropCoin::D100,100,0,true
Treasurebox_LIB018,231,None,0,Garlic,1,50,WalnutLumber,1,40,DamascusSteel,1,40,Mithril,1,30,EDropCoin::D100,100,0,true
Treasurebox_LIB019,232,None,0,ArmsRecipe007,1,100,None,0,0,None,0,0,None,0,0,EDropCoin::None,0,0,false
Treasurebox_LIB022,233,None,0,Thunderscirclet,1,100,None,0,0,None,0,0,None,0,0,EDropCoin::None,0,0,false
Treasurebox_LIB030,234,None,0,Garlic,1,50,WalnutLumber,1,40,DamascusSteel,1,40,Mithril,1,30,EDropCoin::D100,100,0,true
Treasurebox_LIB032,235,None,0,DishRecipe011,1,100,None,0,0,None,0,0,None,0,0,EDropCoin::None,0,0,false
Treasurebox_LIB033,236,None,0,Garlic,1,50,WalnutLumber,1,40,DamascusSteel,1,40,Mithril,1,30,EDropCoin::D100,100,0,true
Treasurebox_LIB040,237,None,0,Dentistshat,1,100,None,0,0,None,0,0,None,0,0,EDropCoin::None,0,0,false
Treasurebox_LIB041,238,None,0,Garlic,1,50,WalnutLumber,1,40,DamascusSteel,1,40,Mithril,1,30,EDropCoin::D100,100,0,true
Treasurebox_LIB042,239,None,0,Garlic,1,50,WalnutLumber,1,40,DamascusSteel,1,40,Mithril,1,30,EDropCoin::D100,100,0,true
Treasurebox_LIB043,240,None,0,Crowmask,1,100,None,0,0,None,0,0,None,0,0,EDropCoin::None,0,0,false
Treasurebox_TRN002,242,None,0,MaxHPUP,1,100,None,0,0,None,0,0,None,0,0,EDropCoin::None,0,0,false
Treasurebox_TRN002,243,None,0,MaxMPUP,1,100,None,0,0,None,0,0,None,0,0,EDropCoin::None,0,0,false
Treasurebox_TRN002,244,None,0,MaxBulletUP,1,100,None,0,0,None,0,0,None,0,0,EDropCoin::None,0,0,false
Treasurebox_TRN002,245,None,0,ShiroTorujiro,1,100,None,0,0,None,0,0,None,0,0,EDropCoin::None,0,0,false
Treasurebox_TRN002,246,None,0,None,1,100,None,0,0,None,0,0,None,0,0,EDropCoin::D1000,2000,100,false
Treasurebox_KNG002,249,None,0,SpongeCake,1,50,Mithril,1,40,Felt,1,50,Platinum,1,20,EDropCoin::D500,500,0,true
Treasurebox_KNG002,250,None,0,ItemRecipe002,1,100,None,0,0,None,0,0,None,0,0,EDropCoin::None,0,0,false
Treasurebox_KNG003,251,None,0,SpongeCake,1,50,Mithril,1,40,Felt,1,50,Platinum,1,20,EDropCoin::D500,500,0,true
Treasurebox_KNG005,252,None,0,SpongeCake,1,50,Mithril,1,40,Felt,1,50,Platinum,1,20,EDropCoin::D500,500,0,true
Treasurebox_KNG006,253,None,0,SpongeCake,1,50,Mithril,1,40,Felt,1,50,Platinum,1,20,EDropCoin::D500,500,0,true
Treasurebox_KNG010,254,None,0,SpongeCake,1,50,Mithril,1,40,Felt,1,50,Platinum,1,20,EDropCoin::D500,500,0,true
Treasurebox_KNG011,255,None,0,ArmsRecipe018,1,100,None,0,0,None,0,0,None,0,0,EDropCoin::None,0,0,false
Treasurebox_KNG012,256,None,0,Burtgang,1,100,None,0,0,None,0,0,None,0,0,EDropCoin::None,0,0,false
Treasurebox_KNG012,257,None,0,SpongeCake,1,50,Mithril,1,40,Felt,1,50,Platinum,1,20,EDropCoin::D500,500,0,true
Treasurebox_KNG016,258,None,0,WorldfashionNo11,1,100,None,0,0,None,0,0,None,0,0,EDropCoin::None,0,0,false
Treasurebox_KNG017,259,None,0,Gram,1,100,None,0,0,None,0,0,None,0,0,EDropCoin::None,0,0,false
Treasurebox_KNG017,260,None,0,Keyofbacker4,1,100,None,0,0,None,0,0,None,0,0,EDropCoin::None,0,0,false
Treasurebox_KNG017,261,None,0,None,0,0,None,0,0,None,0,0,None,0,0,EDropCoin::D1000,2000,100,false
Treasurebox_KNG017,262,None,0,MaxMPUP,1,100,None,0,0,None,0,0,None,0,0,EDropCoin::None,0,0,false
Treasurebox_KNG017,263,None,0,MaxHPUP,1,100,None,0,0,None,0,0,None,0,0,EDropCoin::None,0,0,false
Treasurebox_KNG018,264,None,0,MaxHPUP,1,100,None,0,0,None,0,0,None,0,0,EDropCoin::None,0,0,false
Treasurebox_KNG018,265,None,0,MaxMPUP,1,100,None,0,0,None,0,0,None,0,0,EDropCoin::None,0,0,false
Treasurebox_KNG018,266,None,0,MaxBulletUP,1,100,None,0,0,None,0,0,None,0,0,EDropCoin::None,0,0,false
Treasurebox_KNG018,267,None,0,ArmsRecipe020,1,100,None,0,0,None,0,0,None,0,0,EDropCoin::None,0,0,false
Treasurebox_KNG020,268,None,0,SwordWhip,1,100,None,0,0,None,0,0,None,0,0,EDropCoin::None,0,0,false
Treasurebox_KNG021,269,None,0,Medal022,1,100,None,0,0,None,0,0,None,0,0,EDropCoin::None,0,0,false
Treasurebox_KNG021,270,None,0,MaxHPUP,1,100,None,0,0,None,0,0,None,0,0,EDropCoin::None,0,0,false
Treasurebox_KNG021,271,None,0,MaxMPUP,1,100,None,0,0,None,0,0,None,0,0,EDropCoin::None,0,0,false
Treasurebox_KNG022,272,None,0,Measurementglasses,1,100,None,0,0,None,0,0,None,0,0,EDropCoin::None,0,0,false
Treasurebox_UGD001,274,None,0,BalletRecipe001,1,100,None,0,0,None,0,0,None,0,0,EDropCoin::None,0,0,false
Treasurebox_UGD002,275,None,0,Rennet,1,40,Ruby,1,30,Sapphire,1,30,Emerald,1,30,EDropCoin::D100,100,0,true
Treasurebox_UGD003,276,None,0,Rennet,1,40,Ruby,1,30,Sapphire,1,30,Emerald,1,30,EDropCoin::D100,100,0,true
Treasurebox_UGD003,277,None,0,MaxMPUP,1,100,None,0,0,None,0,0,None,0,0,EDropCoin::None,0,0,false
Treasurebox_UGD003,278,None,0,MaxBulletUP,1,100,None,0,0,None,0,0,None,0,0,EDropCoin::None,0,0,false
Treasurebox_UGD003,279,None,0,CurryPowder,1,100,None,0,0,None,0,0,None,0,0,EDropCoin::None,0,0,false
Treasurebox_UGD005,280,None,0,Rennet,1,40,Ruby,1,30,Sapphire,1,30,Emerald,1,30,EDropCoin::D100,100,0,true
Treasurebox_UGD005,281,None,0,Rennet,1,40,Ruby,1,30,Sapphire,1,30,Emerald,1,30,EDropCoin::D100,100,0,true
Treasurebox_UGD007,282,None,0,ArmsRecipe003,1,100,None,0,0,None,0,0,None,0,0,EDropCoin::None,0,0,false
Treasurebox_UGD008,283,None,0,Rennet,1,40,Ruby,1,30,Sapphire,1,30,Emerald,1,30,EDropCoin::D100,100,0,true
Treasurebox_UGD009,284,None,0,Rennet,1,40,Ruby,1,30,Sapphire,1,30,Emerald,1,30,EDropCoin::D100,100,0,true
Treasurebox_UGD009,285,None,0,DishRecipe006,1,100,None,0,0,None,0,0,None,0,0,EDropCoin::None,0,0,false
Treasurebox_UGD009,286,None,0,Rennet,1,40,Ruby,1,30,Sapphire,1,30,Emerald,1,30,EDropCoin::D100,100,0,true
Treasurebox_UGD009,287,None,0,None,0,0,None,0,0,None,0,0,None,0,0,EDropCoin::D1000,500,100,false
Treasurebox_UGD010,288,None,0,Walkerking,1,100,None,0,0,None,0,0,None,0,0,EDropCoin::None,0,0,false
Treasurebox_UGD011,289,None,0,MaxHPUP,1,100,None,0,0,None,0,0,None,0,0,EDropCoin::None,0,0,false
Treasurebox_UGD012,290,None,0,Rennet,1,40,Ruby,1,30,Sapphire,1,30,Emerald,1,30,EDropCoin::D100,100,0,true
Treasurebox_UGD013,291,None,0,Rennet,1,40,Ruby,1,30,Sapphire,1,30,Emerald,1,30,EDropCoin::D100,100,0,true
Treasurebox_UGD013,292,None,0,Rennet,1,40,Ruby,1,30,Sapphire,1,30,Emerald,1,30,EDropCoin::D100,100,0,true
Treasurebox_UGD014,293,None,0,Rennet,1,40,Ruby,1,30,Sapphire,1,30,Emerald,1,30,EDropCoin::D100,100,0,true
Treasurebox_UGD015,294,None,0,Rennet,1,40,Ruby,1,30,Sapphire,1,30,Emerald,1,30,EDropCoin::D100,100,0,true
Treasurebox_UGD016,295,None,0,FriedFish,1,40,Platinum,1,30,MahoganyLumber,1,40,Clystal,1,10,EDropCoin::D500,500,0,true
Treasurebox_UGD017,296,None,0,FriedFish,1,40,Platinum,1,30,MahoganyLumber,1,40,Clystal,1,10,EDropCoin::D500,500,0,true
Treasurebox_UGD018,297,None,0,FriedFish,1,40,Platinum,1,30,MahoganyLumber,1,40,Clystal,1,10,EDropCoin::D500,500,0,true
Treasurebox_UGD019,298,None,0,FriedFish,1,40,Platinum,1,30,MahoganyLumber,1,40,Clystal,1,10,EDropCoin::D500,500,0,true
Treasurebox_UGD020,299,None,0,FriedFish,1,40,Platinum,1,30,MahoganyLumber,1,40,Clystal,1,10,EDropCoin::D500,500,0,true
Treasurebox_UGD021,300,None,0,FriedFish,1,40,Platinum,1,30,MahoganyLumber,1,40,Clystal,1,10,EDropCoin::D500,500,0,true
Treasurebox_UGD022,301,None,0,FriedFish,1,40,Platinum,1,30,MahoganyLumber,1,40,Clystal,1,10,EDropCoin::D500,500,0,true
Treasurebox_UGD023,302,None,0,FriedFish,1,40,Platinum,1,30,MahoganyLumber,1,40,Clystal,1,10,EDropCoin::D500,500,0,true
Treasurebox_UGD024,303,None,0,FriedFish,1,40,Platinum,1,30,MahoganyLumber,1,40,Clystal,1,10,EDropCoin::D500,500,0,true
Treasurebox_UGD024,304,None,0,FriedFish,1,40,Platinum,1,30,MahoganyLumber,1,40,Clystal,1,10,EDropCoin::D500,500,0,true
Treasurebox_UGD024,305,None,0,MaxMPUP,1,100,None,0,0,None,0,0,None,0,0,EDropCoin::None,0,0,false
Treasurebox_UGD025,306,None,0,None,0,0,None,0,0,None,0,0,None,0,0,EDropCoin::D1000,500,100,false
Treasurebox_UGD025,307,None,0,Striderbelt,1,100,None,0,0,None,0,0,None,0,0,EDropCoin::None,0,0,false
Treasurebox_UGD025,308,None,0,FriedFish,1,40,Platinum,1,30,MahoganyLumber,1,40,Clystal,1,10,EDropCoin::D500,500,0,true
Treasurebox_UGD026,309,None,0,FriedFish,1,40,Platinum,1,30,MahoganyLumber,1,40,Clystal,1,10,EDropCoin::D500,500,0,true
Treasurebox_UGD027,310,None,0,FriedFish,1,40,Platinum,1,30,MahoganyLumber,1,40,Clystal,1,10,EDropCoin::D500,500,0,true
Treasurebox_UGD028,311,None,0,FriedFish,1,40,Platinum,1,30,MahoganyLumber,1,40,Clystal,1,10,EDropCoin::D500,500,0,true
Treasurebox_UGD029,312,None,0,FriedFish,1,40,Platinum,1,30,MahoganyLumber,1,40,Clystal,1,10,EDropCoin::D500,500,0,true
Treasurebox_UGD030,313,None,0,FriedFish,1,40,Platinum,1,30,MahoganyLumber,1,40,Clystal,1,10,EDropCoin::D500,500,0,true
Treasurebox_UGD031,314,None,0,RoseRing,1,100,None,0,0,None,0,0,None,0,0,EDropCoin::None,0,0,false
Treasurebox_UGD031,315,None,0,FriedFish,1,40,Platinum,1,30,MahoganyLumber,1,40,Clystal,1,10,EDropCoin::D500,500,0,true
Treasurebox_UGD032,316,None,0,FriedFish,1,40,Platinum,1,30,MahoganyLumber,1,40,Clystal,1,10,EDropCoin::D500,500,0,true
Treasurebox_UGD033,317,None,0,FriedFish,1,40,Platinum,1,30,MahoganyLumber,1,40,Clystal,1,10,EDropCoin::D500,500,0,true
Treasurebox_UGD034,318,None,0,FriedFish,1,40,Platinum,1,30,MahoganyLumber,1,40,Clystal,1,10,EDropCoin::D500,500,0,true
Treasurebox_UGD035,319,None,0,FriedFish,1,40,Platinum,1,30,MahoganyLumber,1,40,Clystal,1,10,EDropCoin::D500,500,0,true
Treasurebox_UGD036,320,None,0,FriedFish,1,40,Platinum,1,30,MahoganyLumber,1,40,Clystal,1,10,EDropCoin::D500,500,0,true
Treasurebox_UGD036,321,None,0,FriedFish,1,40,Platinum,1,30,MahoganyLumber,1,40,Clystal,1,10,EDropCoin::D500,500,0,true
Treasurebox_UGD037,322,None,0,FriedFish,1,40,Platinum,1,30,MahoganyLumber,1,40,Clystal,1,10,EDropCoin::D500,500,0,true
Treasurebox_UGD038,323,None,0,FriedFish,1,40,Platinum,1,30,MahoganyLumber,1,40,Clystal,1,10,EDropCoin::D500,500,0,true
Treasurebox_UGD039,324,None,0,FriedFish,1,40,Platinum,1,30,MahoganyLumber,1,40,Clystal,1,10,EDropCoin::D500,500,0,true
Treasurebox_UGD040,325,None,0,FriedFish,1,40,Platinum,1,30,MahoganyLumber,1,40,Clystal,1,10,EDropCoin::D500,500,0,true
Treasurebox_UGD041,326,None,0,FriedFish,1,40,Platinum,1,30,MahoganyLumber,1,40,Clystal,1,10,EDropCoin::D500,500,0,true
Treasurebox_UGD042,327,None,0,FriedFish,1,40,Platinum,1,30,MahoganyLumber,1,40,Clystal,1,10,EDropCoin::D500,500,0,true
Treasurebox_UGD043,328,None,0,FriedFish,1,40,Platinum,1,30,MahoganyLumber,1,40,Clystal,1,10,EDropCoin::D500,500,0,true
Treasurebox_UGD044,329,None,0,MaxHPUP,1,100,None,0,0,None,0,0,None,0,0,EDropCoin::None,0,0,false
Treasurebox_UGD044,330,None,0,None,0,0,None,0,0,None,0,0,None,0,0,EDropCoin::D1000,2000,100,false
Treasurebox_UGD045,331,None,0,FriedFish,1,40,Platinum,1,30,MahoganyLumber,1,40,Clystal,1,10,EDropCoin::D500,500,0,true
Treasurebox_UGD046,332,None,0,OgreWoodenSword,1,100,None,0,0,None,0,0,None,0,0,EDropCoin::None,0,0,false
Treasurebox_UGD046,333,None,0,FriedFish,1,40,Platinum,1,30,MahoganyLumber,1,40,Clystal,1,10,EDropCoin::D500,500,0,true
Treasurebox_UGD047,334,None,0,Rennet,1,40,Ruby,1,30,Sapphire,1,30,Emerald,1,30,EDropCoin::D100,100,0,true
Treasurebox_UGD047,335,None,0,MaxHPUP,1,100,None,0,0,None,0,0,None,0,0,EDropCoin::None,0,0,false
Treasurebox_UGD048,336,None,0,DishRecipe003,1,100,None,0,0,None,0,0,None,0,0,EDropCoin::None,0,0,false
Treasurebox_UGD048,337,None,0,CurryPowder,1,100,None,0,0,None,0,0,None,0,0,EDropCoin::None,0,0,false
Treasurebox_UGD049,338,None,0,Potion,1,100,None,0,0,None,0,0,None,0,0,EDropCoin::None,0,0,false
Treasurebox_UGD050,339,None,0,Criticalring,1,100,None,0,0,None,0,0,None,0,0,EDropCoin::None,0,0,false
Treasurebox_UGD051,340,None,0,LightningBolt,1,100,None,0,0,None,0,0,None,0,0,EDropCoin::None,0,0,false
Treasurebox_UGD052,341,None,0,FriedFish,1,40,Platinum,1,30,MahoganyLumber,1,40,Clystal,1,10,EDropCoin::D500,500,0,true
Treasurebox_UGD052,342,None,0,FriedFish,1,40,Platinum,1,30,MahoganyLumber,1,40,Clystal,1,10,EDropCoin::D500,500,0,true
Treasurebox_UGD053,343,None,0,DishRecipe014,1,100,None,0,0,None,0,0,None,0,0,EDropCoin::None,0,0,false
Treasurebox_UGD054,344,None,0,FriedFish,1,40,Platinum,1,30,MahoganyLumber,1,40,Clystal,1,10,EDropCoin::D500,500,0,true
Treasurebox_UGD055,345,None,0,FriedFish,1,40,Platinum,1,30,MahoganyLumber,1,40,Clystal,1,10,EDropCoin::D500,500,0,true
Treasurebox_UGD056,346,None,0,FaerieScarf,1,100,None,0,0,None,0,0,None,0,0,EDropCoin::None,0,0,false
Treasurebox_UGD057,347,None,0,FriedFish,1,40,Platinum,1,30,MahoganyLumber,1,40,Clystal,1,10,EDropCoin::D500,500,0,true
Treasurebox_SND000,349,None,0,Mithridate,1,50,MahoganyLumber,1,30,Clystal,1,20,Gold,1,5,EDropCoin::D500,500,0,true
Treasurebox_SND001,350,None,0,Mithridate,1,50,MahoganyLumber,1,30,Clystal,1,20,Gold,1,5,EDropCoin::D500,500,0,true
Treasurebox_SND002,351,None,0,Mithridate,1,50,MahoganyLumber,1,30,Clystal,1,20,Gold,1,5,EDropCoin::D500,500,0,true
Treasurebox_SND003,352,None,0,Flightcapoftraveler,1,100,None,0,0,None,0,0,None,0,0,EDropCoin::None,0,0,false
Treasurebox_SND004,353,None,0,Mithridate,1,50,MahoganyLumber,1,30,Clystal,1,20,Gold,1,5,EDropCoin::D500,500,0,true
Treasurebox_SND005,354,None,0,Mithridate,1,50,MahoganyLumber,1,30,Clystal,1,20,Gold,1,5,EDropCoin::D500,500,0,true
Treasurebox_SND006,355,None,0,WeightedRing,1,100,None,0,0,None,0,0,None,0,0,EDropCoin::None,0,0,false
Treasurebox_SND007,356,None,0,Mithridate,1,50,MahoganyLumber,1,30,Clystal,1,20,Gold,1,5,EDropCoin::D500,500,0,true
Treasurebox_SND008,357,None,0,BalletRecipe003,1,100,None,0,0,None,0,0,None,0,0,EDropCoin::None,0,0,false
Treasurebox_SND008,358,None,0,MaxHPUP,1,100,None,0,0,None,0,0,None,0,0,EDropCoin::None,0,0,false
Treasurebox_SND009,359,None,0,Mithridate,1,50,MahoganyLumber,1,30,Clystal,1,20,Gold,1,5,EDropCoin::D500,500,0,true
Treasurebox_SND010,360,None,0,Mithridate,1,50,MahoganyLumber,1,30,Clystal,1,20,Gold,1,5,EDropCoin::D500,500,0,true
Treasurebox_SND010,361,None,0,MaxMPUP,1,100,None,0,0,None,0,0,None,0,0,EDropCoin::None,0,0,false
Treasurebox_SND011,362,None,0,Mithridate,1,50,MahoganyLumber,1,30,Clystal,1,20,Gold,1,5,EDropCoin::D500,500,0,true
Treasurebox_SND012,363,None,0,Mithridate,1,50,MahoganyLumber,1,30,Clystal,1,20,Gold,1,5,EDropCoin::D500,500,0,true
Treasurebox_SND013,364,None,0,Mithridate,1,50,MahoganyLumber,1,30,Clystal,1,20,Gold,1,5,EDropCoin::D500,500,0,true
Treasurebox_SND014,365,None,0,Mithridate,1,50,MahoganyLumber,1,30,Clystal,1,20,Gold,1,5,EDropCoin::D500,500,0,true
Treasurebox_SND015,366,None,0,Mithridate,1,50,MahoganyLumber,1,30,Clystal,1,20,Gold,1,5,EDropCoin::D500,500,0,true
Treasurebox_SND016,367,None,0,MaxHPUP,1,100,None,0,0,None,0,0,None,0,0,EDropCoin::None,0,0,false
Treasurebox_SND017,368,None,0,Mithridate,1,50,MahoganyLumber,1,30,Clystal,1,20,Gold,1,5,EDropCoin::D500,500,0,true
Treasurebox_SND018,369,None,0,Mithridate,1,50,MahoganyLumber,1,30,Clystal,1,20,Gold,1,5,EDropCoin::D500,500,0,true
Treasurebox_SND019,370,None,0,Mithridate,1,50,MahoganyLumber,1,30,Clystal,1,20,Gold,1,5,EDropCoin::D500,500,0,true
Treasurebox_SND020,371,None,0,Mithridate,1,50,MahoganyLumber,1,30,Clystal,1,20,Gold,1,5,EDropCoin::D500,500,0,true
Treasurebox_SND021,372,None,0,Mithridate,1,50,MahoganyLumber,1,30,Clystal,1,20,Gold,1,5,EDropCoin::D500,500,0,true
Treasurebox_SND022,373,None,0,Mithridate,1,50,MahoganyLumber,1,30,Clystal,1,20,Gold,1,5,EDropCoin::D500,500,0,true
Treasurebox_SND023,374,None,0,Mithridate,1,50,MahoganyLumber,1,30,Clystal,1,20,Gold,1,5,EDropCoin::D500,500,0,true
Treasurebox_SND024,375,None,0,Mithridate,1,50,MahoganyLumber,1,30,Clystal,1,20,Gold,1,5,EDropCoin::D500,500,0,true
Treasurebox_SND025,376,None,0,Mithridate,1,50,MahoganyLumber,1,30,Clystal,1,20,Gold,1,5,EDropCoin::D500,500,0,true
Treasurebox_SND026,377,None,0,Mithridate,1,50,MahoganyLumber,1,30,Clystal,1,20,Gold,1,5,EDropCoin::D500,500,0,true
Treasurebox_SND027,378,None,0,Mithridate,1,50,MahoganyLumber,1,30,Clystal,1,20,Gold,1,5,EDropCoin::D500,500,0,true
Treasurebox_ARC000,380,None,0,CurryPowder,1,20,WalnutLumber,1,30,DamascusSteel,1,30,Pepper,1,40,EDropCoin::D100,100,0,true
Treasurebox_ARC001,381,None,0,CurryPowder,1,20,WalnutLumber,1,30,DamascusSteel,1,30,Pepper,1,40,EDropCoin::D100,100,0,true
Treasurebox_ARC002,382,None,0,CurryPowder,1,20,WalnutLumber,1,30,DamascusSteel,1,30,Pepper,1,40,EDropCoin::D100,100,0,true
Treasurebox_ARC003,383,None,0,ArmsRecipe005,1,100,None,0,0,None,0,0,None,0,0,EDropCoin::None,0,0,false
Treasurebox_ARC004,384,None,0,MaxHPUP,1,100,None,0,0,None,0,0,None,0,0,EDropCoin::None,0,0,false
Treasurebox_ARC005,385,None,0,CurryPowder,1,20,WalnutLumber,1,30,DamascusSteel,1,30,Pepper,1,40,EDropCoin::D100,100,0,true
Treasurebox_ARC006,386,None,0,Silvermanring,1,100,None,0,0,None,0,0,None,0,0,EDropCoin::None,0,0,false
Treasurebox_ARC006,387,None,0,MaxHPUP,1,100,None,0,0,None,0,0,None,0,0,EDropCoin::None,0,0,false
Treasurebox_ARC007,388,None,0,SkullNecklace,1,100,None,0,0,None,0,0,None,0,0,EDropCoin::None,0,0,false
Treasurebox_ARC007,389,None,0,MaxMPUP,1,100,None,0,0,None,0,0,None,0,0,EDropCoin::None,0,0,false
Treasurebox_TAR000,391,None,0,MahoganyLumber,1,40,Clystal,1,30,Silk,1,20,Diamond,1,5,EDropCoin::D500,500,0,true
Treasurebox_TAR001,392,None,0,MahoganyLumber,1,40,Clystal,1,30,Silk,1,20,Diamond,1,5,EDropCoin::D500,500,0,true
Treasurebox_TAR002,393,None,0,MahoganyLumber,1,40,Clystal,1,30,Silk,1,20,Diamond,1,5,EDropCoin::D500,500,0,true
Treasurebox_TAR003,394,None,0,MahoganyLumber,1,40,Clystal,1,30,Silk,1,20,Diamond,1,5,EDropCoin::D500,500,0,true
Treasurebox_TAR004,395,None,0,MahoganyLumber,1,40,Clystal,1,30,Silk,1,20,Diamond,1,5,EDropCoin::D500,500,0,true
Treasurebox_TAR005,396,None,0,MahoganyLumber,1,40,Clystal,1,30,Silk,1,20,Diamond,1,5,EDropCoin::D500,500,0,true
Treasurebox_TAR006,397,None,0,SpikeBreast,1,100,None,0,0,None,0,0,None,0,0,EDropCoin::None,0,0,false
Treasurebox_TAR007,398,None,0,MahoganyLumber,1,40,Clystal,1,30,Silk,1,20,Diamond,1,5,EDropCoin::D500,500,0,true
Treasurebox_TAR008,399,None,0,MahoganyLumber,1,40,Clystal,1,30,Silk,1,20,Diamond,1,5,EDropCoin::D500,500,0,true
Treasurebox_TAR009,400,None,0,MahoganyLumber,1,40,Clystal,1,30,Silk,1,20,Diamond,1,5,EDropCoin::D500,500,0,true
Treasurebox_TAR010,401,None,0,MahoganyLumber,1,40,Clystal,1,30,Silk,1,20,Diamond,1,5,EDropCoin::D500,500,0,true
Treasurebox_JPN000,403,None,0,SoySauce,1,30,Miso,1,30,CypressLumber,1,20,Hihiirokane,1,5,EDropCoin::D500,500,0,true
Treasurebox_JPN001,404,None,0,SoySauce,1,30,Miso,1,30,CypressLumber,1,20,Hihiirokane,1,5,EDropCoin::D500,500,0,true
Treasurebox_JPN002,405,None,0,TalismanScarf,1,100,None,0,0,None,0,0,None,0,0,EDropCoin::None,0,0,false
Treasurebox_JPN002,406,None,0,None,0,0,None,0,0,None,0,0,None,0,0,EDropCoin::D1000,2000,100,false
Treasurebox_JPN003,407,None,0,SoySauce,1,30,Miso,1,30,CypressLumber,1,20,Hihiirokane,1,5,EDropCoin::D500,500,0,true
Treasurebox_JPN003,408,None,0,SoySauce,1,30,Miso,1,30,CypressLumber,1,20,Hihiirokane,1,5,EDropCoin::D500,500,0,true
Treasurebox_JPN004,409,None,0,DishRecipe002,1,100,None,0,0,None,0,0,None,0,0,EDropCoin::None,0,0,false
Treasurebox_JPN005,410,None,0,ArmsRecipe009,1,100,None,0,0,None,0,0,None,0,0,EDropCoin::None,0,0,false
Treasurebox_JPN006,411,None,0,SoySauce,1,30,Miso,1,30,CypressLumber,1,20,Hihiirokane,1,5,EDropCoin::D500,500,0,true
Treasurebox_JPN007,412,None,0,SoySauce,1,30,Miso,1,30,CypressLumber,1,20,Hihiirokane,1,5,EDropCoin::D500,500,0,true
Treasurebox_JPN008,413,None,0,SoySauce,1,30,Miso,1,30,CypressLumber,1,20,Hihiirokane,1,5,EDropCoin::D500,500,0,true
Treasurebox_JPN009,414,None,0,WorldfashionNo08,1,100,None,0,0,None,0,0,None,0,0,EDropCoin::None,0,0,false
Treasurebox_JPN010,415,None,0,SoySauce,1,30,Miso,1,30,CypressLumber,1,20,Hihiirokane,1,5,EDropCoin::D500,500,0,true
Treasurebox_JPN010,416,None,0,None,0,0,None,0,0,None,0,0,None,0,0,EDropCoin::D1000,2000,100,false
Treasurebox_JPN011,417,None,0,SoySauce,1,30,Miso,1,30,CypressLumber,1,20,Hihiirokane,1,5,EDropCoin::D500,500,0,true
Treasurebox_JPN012,418,None,0,SoySauce,1,30,Miso,1,30,CypressLumber,1,20,Hihiirokane,1,5,EDropCoin::D500,500,0,true
Treasurebox_JPN013,419,None,0,SoySauce,1,30,Miso,1,30,CypressLumber,1,20,Hihiirokane,1,5,EDropCoin::D500,500,0,true
Treasurebox_JPN014,420,None,0,SoySauce,1,30,Miso,1,30,CypressLumber,1,20,Hihiirokane,1,5,EDropCoin::D500,500,0,true
Treasurebox_JPN015,421,None,0,SoySauce,1,30,Miso,1,30,CypressLumber,1,20,Hihiirokane,1,5,EDropCoin::D500,500,0,true
Treasurebox_JPN016,422,None,0,SoySauce,1,30,Miso,1,30,CypressLumber,1,20,Hihiirokane,1,5,EDropCoin::D500,500,0,true
Treasurebox_JPN017,423,None,0,OfudaTalisman,1,100,None,0,0,None,0,0,None,0,0,EDropCoin::None,0,0,false
Treasurebox_JPN018,424,None,0,KitsuneMask,1,100,None,0,0,None,0,0,None,0,0,EDropCoin::None,0,0,false
Treasurebox_JPN019,425,None,0,SoySauce,1,30,Miso,1,30,CypressLumber,1,20,Hihiirokane,1,5,EDropCoin::D500,500,0,true
Treasurebox_RVA000,427,None,0,CurryPowder,1,30,Silk,1,30,Diamond,1,10,Bixbite,1,10,EDropCoin::D500,500,0,true
Treasurebox_RVA001,428,None,0,CurryPowder,1,30,Silk,1,30,Diamond,1,10,Bixbite,1,10,EDropCoin::D500,500,0,true
Treasurebox_RVA001,429,None,0,Firemuffler,1,100,None,0,0,None,0,0,None,0,0,EDropCoin::None,0,0,false
Treasurebox_RVA002,430,None,0,CurryPowder,1,30,Silk,1,30,Diamond,1,10,Bixbite,1,10,EDropCoin::D500,500,0,true
Treasurebox_RVA003,431,None,0,CurryPowder,1,30,Silk,1,30,Diamond,1,10,Bixbite,1,10,EDropCoin::D500,500,0,true
Treasurebox_RVA003,432,None,0,CurryPowder,1,30,Silk,1,30,Diamond,1,10,Bixbite,1,10,EDropCoin::D500,500,0,true
Treasurebox_RVA004,433,None,0,Riskring,1,100,None,0,0,None,0,0,None,0,0,EDropCoin::None,0,0,false
Treasurebox_RVA005,434,None,0,CurryPowder,1,30,Silk,1,30,Diamond,1,10,Bixbite,1,10,EDropCoin::D500,500,0,true
Treasurebox_RVA005,435,None,0,CurryPowder,1,30,Silk,1,30,Diamond,1,10,Bixbite,1,10,EDropCoin::D500,500,0,true
Treasurebox_RVA006,436,None,0,BalletRecipe004,1,100,None,0,0,None,0,0,None,0,0,EDropCoin::None,0,0,false
Treasurebox_RVA007,437,None,0,CurryPowder,1,30,Silk,1,30,Diamond,1,10,Bixbite,1,10,EDropCoin::D500,500,0,true
Treasurebox_RVA008,438,None,0,CurryPowder,1,30,Silk,1,30,Diamond,1,10,Bixbite,1,10,EDropCoin::D500,500,0,true
Treasurebox_RVA009,439,None,0,CurryPowder,1,30,Silk,1,30,Diamond,1,10,Bixbite,1,10,EDropCoin::D500,500,0,true
Treasurebox_RVA010,440,None,0,CurryPowder,1,30,Silk,1,30,Diamond,1,10,Bixbite,1,10,EDropCoin::D500,500,0,true
Treasurebox_RVA011,441,None,0,Lohengrin,1,100,None,0,0,None,0,0,None,0,0,EDropCoin::None,0,0,false
Treasurebox_RVA011,442,None,0,CurryPowder,1,30,Silk,1,30,Diamond,1,10,Bixbite,1,10,EDropCoin::D500,500,0,true
Treasurebox_RVA012,443,None,0,CurryPowder,1,30,Silk,1,30,Diamond,1,10,Bixbite,1,10,EDropCoin::D500,500,0,true
Treasurebox_RVA013,444,None,0,CurryPowder,1,30,Silk,1,30,Diamond,1,10,Bixbite,1,10,EDropCoin::D500,500,0,true
Treasurebox_RVA014,445,None,0,CurryPowder,1,30,Silk,1,30,Diamond,1,10,Bixbite,1,10,EDropCoin::D500,500,0,true
Treasurebox_RVA015,446,None,0,EggSouffl√©,1,100,None,0,0,None,0,0,None,0,0,EDropCoin::None,0,0,false
Treasurebox_BIG002,448,None,0,Waystone,2,10,Clystal,1,10,Diamond,1,5,Alexandrite,1,3,EDropCoin::D500,500,0,true
Treasurebox_BIG005,449,None,0,Waystone,2,10,Clystal,1,10,Diamond,1,5,Alexandrite,1,3,EDropCoin::D500,500,0,true
Treasurebox_BIG006,450,None,0,Waystone,2,10,Clystal,1,10,Diamond,1,5,Alexandrite,1,3,EDropCoin::D500,500,0,true
Treasurebox_BIG006,451,None,0,Keyofbacker3,1,100,None,0,0,None,0,0,None,0,0,EDropCoin::None,0,0,false
Treasurebox_BIG006,452,None,0,None,0,0,None,0,0,None,0,0,None,0,0,EDropCoin::D1000,1000,100,false
Treasurebox_BIG006,453,None,0,Waystone,2,10,Clystal,1,10,Diamond,1,5,Alexandrite,1,3,EDropCoin::D500,500,0,true
Treasurebox_BIG006,454,None,0,MaxHPUP,1,100,None,0,0,None,0,0,None,0,0,EDropCoin::None,0,0,false
Treasurebox_BIG006,455,None,0,MaxMPUP,1,100,None,0,0,None,0,0,None,0,0,EDropCoin::None,0,0,false
Treasurebox_BIG007,456,None,0,Waystone,2,10,Clystal,1,10,Diamond,1,5,Alexandrite,1,3,EDropCoin::D500,500,0,true
Treasurebox_BIG008,457,None,0,Waystone,2,10,Clystal,1,10,Diamond,1,5,Alexandrite,1,3,EDropCoin::D500,500,0,true
Treasurebox_BIG010,458,None,0,Waystone,2,10,Clystal,1,10,Diamond,1,5,Alexandrite,1,3,EDropCoin::D500,500,0,true
Treasurebox_BIG011,459,None,0,None,0,0,None,0,0,None,0,0,None,0,0,EDropCoin::D1000,1000,100,false
Treasurebox_BIG012,460,None,0,Waystone,2,10,Clystal,1,10,Diamond,1,5,Alexandrite,1,3,EDropCoin::D500,500,0,true
Treasurebox_BIG012,461,None,0,Waystone,2,10,Clystal,1,10,Diamond,1,5,Alexandrite,1,3,EDropCoin::D500,500,0,true
Treasurebox_BIG012,462,None,0,MaxHPUP,1,100,None,0,0,None,0,0,None,0,0,EDropCoin::None,0,0,false
Treasurebox_BIG013,463,None,0,Waystone,2,10,Clystal,1,10,Diamond,1,5,Alexandrite,1,3,EDropCoin::D500,500,0,true
Treasurebox_BIG014,464,None,0,ArmsRecipe012,1,100,None,0,0,None,0,0,None,0,0,EDropCoin::None,0,0,false
Treasurebox_BIG016,465,None,0,Waystone,2,10,Clystal,1,10,Diamond,1,5,Alexandrite,1,3,EDropCoin::D500,500,0,true
Treasurebox_BIG016,466,None,0,Waystone,2,10,Clystal,1,10,Diamond,1,5,Alexandrite,1,3,EDropCoin::D500,500,0,true
Treasurebox_BIG016,467,None,0,Waystone,2,10,Clystal,1,10,Diamond,1,5,Alexandrite,1,3,EDropCoin::D500,500,0,true
Treasurebox_ICE001,469,None,0,Clystal,1,15,Alexandrite,1,5,Leather,1,5,Orichalcum,1,3,EDropCoin::D500,500,0,true
Treasurebox_ICE001,470,None,0,Clystal,1,15,Alexandrite,1,5,Leather,1,5,Orichalcum,1,3,EDropCoin::D500,500,0,true
Treasurebox_ICE002,471,None,0,Clystal,1,15,Alexandrite,1,5,Leather,1,5,Orichalcum,1,3,EDropCoin::D500,500,0,true
Treasurebox_ICE003,472,None,0,Crystalscale,1,100,None,0,0,None,0,0,None,0,0,EDropCoin::None,0,0,false
Treasurebox_ICE003,473,None,0,MaxMPUP,1,100,None,0,0,None,0,0,None,0,0,EDropCoin::None,0,0,false
Treasurebox_ICE006,474,None,0,Clystal,1,15,Alexandrite,1,5,Leather,1,5,Orichalcum,1,3,EDropCoin::D500,500,0,true
Treasurebox_ICE008,475,None,0,Flagarach,1,100,None,0,0,None,0,0,None,0,0,EDropCoin::None,0,0,false
Treasurebox_ICE008,476,None,0,Clystal,1,15,Alexandrite,1,5,Leather,1,5,Orichalcum,1,3,EDropCoin::D500,500,0,true
Treasurebox_ICE010,477,None,0,Clystal,1,15,Alexandrite,1,5,Leather,1,5,Orichalcum,1,3,EDropCoin::D500,500,0,true
Treasurebox_ICE011,478,None,0,Clystal,1,15,Alexandrite,1,5,Leather,1,5,Orichalcum,1,3,EDropCoin::D500,500,0,true
Treasurebox_ICE013,479,None,0,Keyofbacker2,1,100,None,0,0,None,0,0,None,0,0,EDropCoin::None,0,0,false
Treasurebox_ICE014,480,None,0,Clystal,1,15,Alexandrite,1,5,Leather,1,5,Orichalcum,1,3,EDropCoin::D500,500,0,true
Treasurebox_BRM_A_FIRST,482,None,0,16BitCoin,1,100,None,0,0,None,0,0,None,0,0,EDropCoin::None,0,0,false
Treasurebox_BRM_B_FIRST,483,None,0,32BitCoin,1,100,None,0,0,None,0,0,None,0,0,EDropCoin::None,0,0,false
Treasurebox_BRM_A,484,None,0,Ether,1,85,Mithril,1,5,Felt,1,5,MahoganyLumber,1,5,EDropCoin::D500,500,0,false
Treasurebox_BRM_B,485,None,0,Ether,1,85,Gieremundfang,1,5,Bloodybone,1,5,Bloodyskull,1,5,EDropCoin::D500,500,0,false
Treasurebox_OfflineChaos_A,486,None,0,Ether,1,100,None,0,0,None,0,0,None,0,0,EDropCoin::None,0,0,false
Treasurebox_OfflineChaos_B,487,None,0,Ether,1,100,None,0,0,None,0,0,None,0,0,EDropCoin::None,0,0,false
Treasurebox_OnlineChaos_A,488,None,0,Ether,1,100,None,0,0,None,0,0,None,0,0,EDropCoin::None,0,0,false
Treasurebox_OnlineChaos_B,489,None,0,Ether,1,100,None,0,0,None,0,0,None,0,0,EDropCoin::None,0,0,false
Treasurebox_PureMiriam_Hair,491,None,0,WorldfashionNo12,1,100,None,0,0,None,0,0,None,0,0,EDropCoin::None,0,0,false
Treasurebox_PureMiriam_Tiare,492,None,0,ValkyrieTiara,1,100,None,0,0,None,0,0,None,0,0,EDropCoin::None,0,0,false
Treasurebox_PureMiriam_Dress,493,None,0,Valkyriedress,1,100,None,0,0,None,0,0,None,0,0,EDropCoin::None,0,0,false
Treasurebox_PureMiriam_Sword,494,None,0,ValkyrieSword,1,100,None,0,0,None,0,0,None,0,0,EDropCoin::None,0,0,false
Wall_SIP004,499,None,0,MaxHPUP,1,100,None,0,0,None,0,0,None,0,0,EDropCoin::None,0,0,false
Wall_SIP009,500,None,0,MaxMPUP,1,100,None,0,0,None,0,0,None,0,0,EDropCoin::None,0,0,false
Wall_SIP014,501,None,0,PlunderersRing,1,100,None,0,0,None,0,0,None,0,0,EDropCoin::None,0,0,false
Wall_SIP016,502,None,0,Safering,1,100,None,0,0,None,0,0,None,0,0,EDropCoin::None,0,0,false
Wall_ENT002,504,None,0,MaxMPUP,1,100,None,0,0,None,0,0,None,0,0,EDropCoin::None,0,0,false
Wall_ENT012,505,None,0,WolfBalt,1,100,None,0,0,None,0,0,None,0,0,EDropCoin::None,0,0,false
Wall_GDN006,507,None,0,FriedEgg,1,100,None,0,0,None,0,0,None,0,0,EDropCoin::None,0,0,false
Wall_SAN000,509,None,0,MaxMPUP,1,100,None,0,0,None,0,0,None,0,0,EDropCoin::None,0,0,false
Wall_SAN005,510,None,0,RoseRing,1,100,None,0,0,None,0,0,None,0,0,EDropCoin::None,0,0,false
Wall_SAN019,511,None,0,MaxHPUP,1,100,None,0,0,None,0,0,None,0,0,EDropCoin::None,0,0,false
Wall_KNG000,513,None,0,MaxMPUP,1,100,None,0,0,None,0,0,None,0,0,EDropCoin::None,0,0,false
Wall_KNG007,514,None,0,MaxBulletUP,1,100,None,0,0,None,0,0,None,0,0,EDropCoin::None,0,0,false
Wall_LIB004,516,None,0,MaxHPUP,1,100,None,0,0,None,0,0,None,0,0,EDropCoin::None,0,0,false
Wall_LIB019,517,None,0,Walkerking,1,100,None,0,0,None,0,0,None,0,0,EDropCoin::None,0,0,false
Wall_LIB025,518,None,0,MaxBulletUP,1,100,None,0,0,None,0,0,None,0,0,EDropCoin::None,0,0,false
Wall_TWR006,520,None,0,MaxMPUP,1,100,None,0,0,None,0,0,None,0,0,EDropCoin::None,0,0,false
Wall_TWR013,521,None,0,invisible,1,100,None,0,0,None,0,0,None,0,0,EDropCoin::None,0,0,false
Wall_TWR016,522,None,0,RidingHabit,1,100,None,0,0,None,0,0,None,0,0,EDropCoin::None,0,0,false
Wall_TRN005,524,None,0,MaxHPUP,1,100,None,0,0,None,0,0,None,0,0,EDropCoin::None,0,0,false
Wall_UGD000,526,None,0,MaxMPUP,1,100,None,0,0,None,0,0,None,0,0,EDropCoin::None,0,0,false
Wall_UGD003,527,None,0,MaxBulletUP,1,100,None,0,0,None,0,0,None,0,0,EDropCoin::None,0,0,false
Wall_UGD006,528,None,0,MaxMPUP,1,100,None,0,0,None,0,0,None,0,0,EDropCoin::None,0,0,false
Wall_UGD012,529,None,0,Transformationmask,1,100,None,0,0,None,0,0,None,0,0,EDropCoin::None,0,0,false
Wall_UGD020,530,None,0,MaxBulletUP,1,100,None,0,0,None,0,0,None,0,0,EDropCoin::None,0,0,false
Wall_UGD031,531,None,0,Criticalring,1,100,None,0,0,None,0,0,None,0,0,EDropCoin::None,0,0,false
Wall_UGD037,532,None,0,MaxMPUP,1,100,None,0,0,None,0,0,None,0,0,EDropCoin::None,0,0,false
Wall_UGD046,533,None,0,PlunderersRing,1,100,None,0,0,None,0,0,None,0,0,EDropCoin::None,0,0,false
Wall_UGD056,534,None,0,DishRecipe015,1,100,None,0,0,None,0,0,None,0,0,EDropCoin::None,0,0,false
Wall_SND001,536,None,0,MaxMPUP,1,100,None,0,0,None,0,0,None,0,0,EDropCoin::None,0,0,false
Wall_SND019,537,None,0,MaxBulletUP,1,100,None,0,0,None,0,0,None,0,0,EDropCoin::None,0,0,false
Wall_TAR007,539,None,0,CutpursesRing,1,100,None,0,0,None,0,0,None,0,0,EDropCoin::None,0,0,false
Wall_JPN011,541,None,0,MaxMPUP,1,100,None,0,0,None,0,0,None,0,0,EDropCoin::None,0,0,false
Wall_JPN013,542,None,0,Manju,1,100,None,0,0,None,0,0,None,0,0,EDropCoin::None,0,0,false
Wall_RVA003,544,None,0,MaxBulletUP,1,100,None,0,0,None,0,0,None,0,0,EDropCoin::None,0,0,false
Wall_RVA011,545,None,0,LethalityRing,1,100,None,0,0,None,0,0,None,0,0,EDropCoin::None,0,0,false
Wall_BIG002,547,None,0,Gamblersring,1,100,None,0,0,None,0,0,None,0,0,EDropCoin::None,0,0,false
Wall_BIG012,548,None,0,MaxMPUP,1,100,None,0,0,None,0,0,None,0,0,EDropCoin::None,0,0,false
Wall_BIG016,549,None,0,MaxBulletUP,1,100,None,0,0,None,0,0,None,0,0,EDropCoin::None,0,0,false
Wall_ICE003,551,None,0,WeightedRing,1,100,None,0,0,None,0,0,None,0,0,EDropCoin::None,0,0,false
Wall_ICE010,552,None,0,MaxMPUP,1,100,None,0,0,None,0,0,None,0,0,EDropCoin::None,0,0,false
Wall_ICE017,553,None,0,MaxBulletUP,1,100,None,0,0,None,0,0,None,0,0,EDropCoin::None,0,0,false
N1001_Shard,558,SwingTentacle,100,None,0,0,None,0,0,None,0,0,None,0,0,EDropCoin::None,0,0,false
N1002_Shard,560,Bloodsteel,100,None,0,0,None,0,0,None,0,0,None,0,0,EDropCoin::None,0,0,false
N1003_Shard,562,Demoniccapture,100,None,0,0,None,0,0,None,0,0,None,0,0,EDropCoin::None,0,0,false
N1006_Shard,564,Reflectionray,100,None,0,0,None,0,0,None,0,0,None,0,0,EDropCoin::None,0,0,false
N1008_Shard,566,Dimensionshift,100,None,0,0,None,0,0,None,0,0,None,0,0,EDropCoin::None,0,0,false
N2001_Shard,568,Hammerknuckle,100,None,0,0,None,0,0,None,0,0,None,0,0,EDropCoin::None,0,0,false
N2004_Shard,569,Doublejump,100,None,0,0,None,0,0,None,0,0,None,0,0,EDropCoin::None,0,0,false
N2006_Shard,570,Invert,100,None,0,0,None,0,0,None,0,0,None,0,0,EDropCoin::None,0,0,false
N2007_Shard,571,Shadowtracer,100,None,0,0,None,0,0,None,0,0,None,0,0,EDropCoin::None,0,0,false
N2012_Shard,573,AccelWorld,100,None,0,0,None,0,0,None,0,0,None,0,0,EDropCoin::None,0,0,false
N2013_Shard,574,NeverSatisfied,100,None,0,0,None,0,0,None,0,0,None,0,0,EDropCoin::None,0,0,false
N1004_Shard,575,GoldBarrett,100,None,0,0,None,0,0,None,0,0,None,0,0,EDropCoin::None,0,0,false
N1005_Shard,576,InfernoBrace,100,None,0,0,None,0,0,None,0,0,None,0,0,EDropCoin::None,0,0,false
N3006_Shard,581,Ceruleansplash,3,None,0,0,None,0,0,Halite,1,5,Recklesslimb,1,12,EDropCoin::None,0,0,false
N3006_OpeningDemo,582,Ceruleansplash,100,None,0,0,None,0,0,None,0,0,None,0,0,EDropCoin::None,0,0,false
N3005_Shard,583,FireCannon,2,Hollowpoint,3,3,Softpoint,3,10,ElmLumber,1,4,CannonDebris,1,12,EDropCoin::None,0,0,false
N3005_FireCannon,584,FireCannon,100,None,0,0,None,0,0,None,0,0,None,0,0,EDropCoin::None,0,0,false
N3007_Shard,585,Raginggirl,4,Lemon,1,4,Tomato,1,8,MonsterBirdTears,1,8,None,0,0,EDropCoin::None,0,0,false
N3013_Shard,586,SummonAme,2,Ether,1,6,Ectoplasm,1,10,Alkhahest,1,12,None,0,0,EDropCoin::None,0,0,false
N3015_Shard,587,Headfail,4,DurahanMaherm,1,3,Uni,1,8,Iron,1,8,Bronze,1,12,EDropCoin::None,0,0,false
N3051_Shard,590,SummonRat,4,None,0,0,Cheese,1,12,Giantratteeth,1,4,Giantrattail,1,10,EDropCoin::None,0,0,false
N3004_Shard,591,BoonsLore,4,Stonemask,1,4,None,0,0,MeltingSkull,1,5,MeltedBone,1,15,EDropCoin::None,0,0,false
N3029_Shard,594,SummonButt,3,None,0,0,None,0,0,Batfang,1,5,BatFeather,1,15,EDropCoin::None,0,0,false
N3073_Shard,595,SummonGilemund,4,WolfBalt,1,1,None,0,0,DemonDogFang,1,5,DemonDogSkin,1,10,EDropCoin::None,0,0,false
N3105_Shard,596,HelleTicalGrinder,4,OutsiderKnightSword,1,2,Scalearmor,1,4,Steel,1,5,Iron,1,10,EDropCoin::None,0,0,false
N3080_Shard,597,SwordMastery,4,Obsidian,1,5,LongSword,1,8,Steel,1,8,ManeLion,1,12,EDropCoin::None,0,0,false
N3066_Shard,600,EntangleBind,4,DaturaLeaf,1,6,MocoOil,1,12,MocoOnion,1,12,Hemp,1,8,EDropCoin::None,0,0,false
N3042_Shard,601,Releasetoade,3,None,0,0,None,0,0,ToadHeart,1,2,Poisontoadeye,1,8,EDropCoin::None,0,0,false
N3065_Shard,602,SummonYorkton,4,Tonkatsu,1,1,YorktonMeat,1,12,None,0,0,None,0,0,EDropCoin::None,0,0,false
N3011_Shard,603,StraightArrow,4,ArmorPiercing,5,3,Hollowpoint,3,12,Cotton,1,5,DemonCloth,1,12,EDropCoin::None,0,0,false
N3091_Shard,604,FamiliaCarabos,4,FaerieElixir,1,4,FaerieMedicine,1,8,None,0,0,FairyPowder,1,10,EDropCoin::None,0,0,false
N3034_Shard,605,SummonApe,3,None,0,0,Ring,1,10,MonkeyFur,1,8,Toadfluid,1,10,EDropCoin::None,0,0,false
N3075_Shard,606,CraftMastery,2,Rennet,1,15,ZaganMeat,1,8,MilkofZagan,1,8,Chicomecoatlhorn,1,12,EDropCoin::None,0,0,false
N3100_Shard,609,GratefulAssist,4,None,0,0,Alkhahest,1,10,None,0,0,OakLumber,1,10,EDropCoin::None,0,0,false
N3104_Shard,610,Acidgouache,4,CurryPowder,1,3,None,0,0,None,0,0,None,0,0,EDropCoin::None,0,0,false
N3053_Shard,611,Petrey,4,None,0,0,Stonethaw,1,10,Obsidian,1,8,Gargoyledebris,1,10,EDropCoin::None,0,0,false
N3079_Shard,612,KnifeMastery,4,WalalSoulimo,1,4,None,0,0,None,0,0,SharpRazor,1,10,EDropCoin::None,0,0,false
N3055_Shard,613,INTEnhance,5,None,0,0,None,0,0,BelialHeart,1,4,Devilsfang,1,10,EDropCoin::None,0,0,false
N3001_Shard,614,SummonBuell,4,Cocoa,1,2,None,0,0,Ivory,1,5,Buerfur,1,10,EDropCoin::None,0,0,false
N3116_Shard,615,LigaStreyma,5,CatEars,1,6,None,0,0,None,0,0,None,0,0,EDropCoin::None,0,0,false
N3082_Shard,618,SummonBugs,4,Poison,1,5,Mithridate,1,10,TytaniaPoisonedNeedle,1,3,Mimicshell,1,6,EDropCoin::None,0,0,false
N3090_Shard,619,SummonDurahanMaHead,2,None,0,0,DurahanMaherm,1,5,None,0,0,None,0,0,EDropCoin::None,0,0,false
N3084_Shard,620,SummonBuell,5,None,0,0,Ironbreastplate,1,8,Ruby,1,5,Steel,1,8,EDropCoin::None,0,0,false
N2002_Shard,621,Beastguard,5,WolfHood,1,6,Felt,1,12,Wolfclaw,1,8,Wolfmanfur,1,12,EDropCoin::None,0,0,false
N3064_Shard,624,CircleRipper,5,None,0,0,None,0,0,None,0,0,Decarabialeather,1,8,EDropCoin::None,0,0,false
N3010_Shard,625,Shovelshooter,4,Shovelarmorsarmor,1,3,Excavator,1,6,Sapphire,1,5,Steel,1,10,EDropCoin::None,0,0,false
N3033_Shard,628,ResistThunder,4,None,0,0,None,0,0,Emerald,1,5,None,0,0,EDropCoin::None,0,0,false
N3017_Shard,629,GunMastery,5,None,0,0,None,0,0,OakLumber,1,4,Iron,1,8,EDropCoin::None,0,0,false
N3063_Shard,630,FamiliaDantalion,4,None,0,0,None,0,0,DevilBookPaperStrip,1,6,DevilBookLeather,1,8,EDropCoin::None,0,0,false
N3103_Shard,631,Sacredshade,4,FireWhip,1,4,Lemon,1,8,Ruby,1,5,None,0,0,EDropCoin::None,0,0,false
N3099_Shard,634,ResistPetri,2,Halper,1,3,Stonethaw,1,10,None,0,0,None,0,0,EDropCoin::None,0,0,false
N3008_Shard,635,TepesOsius,4,G-LabolasFilet,1,5,Strawberry,1,10,MonsterBirdHair,1,6,ThunderbirdFeathers,1,8,EDropCoin::None,0,0,false
N3111_Shard,636,Aimingshield,5,Steelbreastplate,1,4,MeltedBone,1,12,Jeneralskull,1,5,Silver,1,10,EDropCoin::None,0,0,false
N3058_Shard,639,ChangeBunny,4,None,0,0,None,0,0,Lilimtail,1,5,Lilimear,1,8,EDropCoin::None,0,0,false
N3019_Shard,640,ShootingDagger,4,AssassinsRing,1,3,Assassinvest,1,5,None,0,0,Assasincloth,1,8,EDropCoin::None,0,0,false
N2009_Shard,641,DragonicRage,5,None,0,0,DragonsEgg,1,5,Dragonclaw,1,5,Dragonscales,1,8,EDropCoin::None,0,0,false
N3025_Shard,642,Resistcurse,12,None,0,0,None,0,0,None,0,0,Platinum,1,15,EDropCoin::None,0,0,false
N3043_Shard,645,ResistPoison,3,Poison,1,4,Mithridate,1,8,Evileye,1,5,ToadHeart,1,8,EDropCoin::None,0,0,false
N3092_Shard,646,Healing,4,Stinger,1,4,None,0,0,Dineseawing,1,5,TytaniaPoisonedNeedle,1,8,EDropCoin::None,0,0,false
N3024_Shard,647,BaudRideBlast,4,None,0,0,Gunpowder,1,10,None,0,0,None,0,0,EDropCoin::None,0,0,false
N3070_Shard,648,Moneyispower,4,None,0,0,None,0,0,DamascusSteel,1,5,Mimicshell,1,8,EDropCoin::None,0,0,false
N3114_Shard,649,ResistBrow,5,None,0,0,None,0,0,DamascusSteel,1,5,Devilsfang,1,8,EDropCoin::None,0,0,false
N3072_Shard,652,SummonChair,5,None,0,0,None,0,0,Mimicchairdebris,1,5,WalnutLumber,1,8,EDropCoin::None,0,0,false
N3012_Shard,653,ChaseArrow,4,Trador,1,4,Gunpowder,1,10,None,0,0,Lerajecloth,1,12,EDropCoin::None,0,0,false
N3052_Shard,654,FamiliaBradBringer,4,None,0,0,None,0,0,deathBringerDebris,1,5,Silver,1,8,EDropCoin::None,0,0,false
N3085_Shard,655,SpearMastery,4,None,0,0,Partizan,1,8,DamascusSteel,1,8,Silver,1,12,EDropCoin::None,0,0,false
N3109_Shard,656,Upbeatheat,4,Smoothie,1,4,SilverTiara,1,8,Lamastutear,1,5,Strawberry,1,12,EDropCoin::None,0,0,false
N3037_Shard,657,FamiliaBuell,4,None,0,0,None,0,0,None,0,0,None,0,0,EDropCoin::None,0,0,false
N3077_Shard,660,KickMastery,4,UnicornRing,1,2,Felt,1,10,Gamiginhair,1,5,Gamiginhoof,1,8,EDropCoin::None,0,0,false
N3093_Shard,661,MNDEnhance,4,ribbon,1,4,None,0,0,Tytaniawing,1,5,FairyPowder,1,8,EDropCoin::None,0,0,false
N3110_Shard,662,ThrowAxe,4,Valdish,1,4,Platinum,1,5,Mithril,1,10,DamascusSteel,1,12,EDropCoin::None,0,0,false
N3121_Shard,663,Zombie8Bit,4,None,0,0,None,0,0,None,0,0,None,0,0,EDropCoin::None,0,0,false
N3122_Shard,664,Ghost8Bit,4,None,0,0,None,0,0,None,0,0,None,0,0,EDropCoin::None,0,0,false
N2015_Shard,665,Nightmare8Bit,4,Medal022,1,8,None,0,0,None,0,0,None,0,0,EDropCoin::None,0,0,false
N3124_Shard,666,EightBitFire,4,None,0,0,None,0,0,None,0,0,None,0,0,EDropCoin::None,0,0,false
N3102_Shard,669,ResistHorley,4,None,0,0,None,0,0,Diamond,1,0.5,Obsidian,1,10,EDropCoin::None,0,0,false
N3009_Shard,670,optimizer,4,G-LabolasFilet,1,5,Apple,1,8,WindFeathers,1,5,MonsterBirdTears,1,15,EDropCoin::None,0,0,false
N3087_Shard,671,Deadhowling,4,Cursering,1,4,None,0,0,Cyhyraethtear,1,5,Lerajecloth,1,8,EDropCoin::None,0,0,false
N3098_Shard,674,Resistedge,4,None,0,0,Clam,1,8,None,0,0,Misteriousfluid,1,10,EDropCoin::None,0,0,false
N3078_Shard,675,VaIsha,4,ForneusFilet,1,8,None,0,0,None,0,0,None,0,0,EDropCoin::None,0,0,false
N3022_Shard,676,Aquastream,10,None,0,0,DeeseamaFilet,1,8,Decimaleather,1,4,Misteriousfluid,1,8,EDropCoin::None,0,0,false
N3044_Shard,677,SamonSamHiggin,4,None,0,0,None,0,0,Toadwing,1,5,ToadHeart,1,10,EDropCoin::None,0,0,false
N3076_Shard,678,Submariner,5,Aimur,1,4,None,0,0,Glashtynhair,1,5,Glashtynhoof,1,10,EDropCoin::None,0,0,false
N3089_Shard,679,Detectiveeye,4,None,0,0,None,0,0,None,0,0,SeekerEye,1,10,EDropCoin::None,0,0,false
N3056_Shard,680,Wisdomwords,5,EligosHeart,1,4,Gusionfang,1,10,DevilRoyalTail,1,12,None,0,0,EDropCoin::None,0,0,false
N3014_Shard,683,CurseDray,5,None,0,0,None,0,0,Ectoplasm,1,10,Alkhahest,2,12,EDropCoin::None,0,0,false
N3002_Shard,684,CONEnhance,4,Silk,1,5,Felt,1,10,None,0,0,None,0,0,EDropCoin::None,0,0,false
N3112_Shard,685,TissLeif,4,Ambrosia,1,6,FireWhip,1,10,None,0,0,None,0,0,EDropCoin::None,0,0,false
N3115_Shard,686,ResistBrow,5,Silk,1,5,Gusionfang,1,8,None,0,0,None,0,0,EDropCoin::None,0,0,false
N2010_Shard,687,Resistthrust,5,Clystal,1,8,None,0,0,Dragonbone,1,5,None,0,0,EDropCoin::None,0,0,false
N3101_Shard,690,Resistdark,4,DarkMatter,1,1,Diamond,1,4,None,0,0,None,0,0,EDropCoin::None,0,0,false
N3059_Shard,691,WhipMastery,4,BeastKiller,1,4,Lamastutear,1,6,Lamastutail,1,10,None,0,0,EDropCoin::None,0,0,false
N3113_Shard,692,Toxicstorm,5,Silverwolffur,1,4,CatEars,1,8,None,0,0,None,0,0,EDropCoin::None,0,0,false
N3083_Shard,695,RedDowther,4,PoisonKukri,1,4,None,0,0,Dethtrapshell,1,5,Mimicshell,1,10,EDropCoin::None,0,0,false
N3032_Shard,696,ResistFire,4,Bixbite,1,4,Ruby,1,12,None,0,0,None,0,0,EDropCoin::None,0,0,false
N3119_Shard,697,FireThrower,4,ShiningBreast,1,4,Knightbone,1,10,None,0,0,None,0,0,EDropCoin::None,0,0,false
N3123_Shard,698,HellHound,4,Apenail,1,5,None,0,0,None,0,0,None,0,0,EDropCoin::None,0,0,false
N3086_Shard,699,RapidSpear,4,Aradovar,1,4,Platinum,1,10,None,0,0,None,0,0,EDropCoin::None,0,0,false
N3071_Shard,700,LUKEnhance,4,CypressLumber,1,4,MahoganyLumber,1,8,None,0,0,None,0,0,EDropCoin::None,0,0,false
N3035_Shard,703,LuckyDrop,4,Silverwolffur,1,6,RedBean,1,8,None,0,0,None,0,0,EDropCoin::None,0,0,false
N3054_Shard,704,STREnhance,4,Gaaphorn,1,5,Gaapwing,1,10,None,0,0,None,0,0,EDropCoin::None,0,0,false
N3074_Shard,705,PetraBless,5,Haagentifeather,1,6,Rennet,1,12,HaagentiFilet,1,1,None,0,0,EDropCoin::None,0,0,false
N3020_Shard,706,HiddenDart,4,Hihiirokane,1,4,Ashinbacostume,1,6,Ninjacloth,1,10,None,0,0,EDropCoin::None,0,0,false
N3117_Shard,707,Tornadoslicer,5,Tadanako,1,4,Silk,1,8,None,0,0,None,0,0,EDropCoin::None,0,0,false
N3067_Shard,710,EntangleBind,5,CerberaLeaf,1,8,MocoOnion,4,10,MocoOil,4,12,None,0,0,EDropCoin::None,0,0,false
N3030_Shard,711,SummonButt,5,Gaapwing,1,10,Gusionfang,1,12,None,0,0,None,0,0,EDropCoin::None,0,0,false
N3045_Shard,712,Releasetoade,5,EligosHeart,1,10,SeekerEye,1,12,None,0,0,None,0,0,EDropCoin::None,0,0,false
N3016_Shard,713,FireCannon,5,CypressLumber,1,5,Gunpowder,5,10,None,0,0,None,0,0,EDropCoin::None,0,0,false
N3023_Shard,714,None,0,None,0,0,None,0,0,None,0,0,None,0,0,EDropCoin::None,0,0,false
N3028_Shard,715,FamiliaBuell,5,Leather,1,5,None,0,0,None,0,0,None,0,0,EDropCoin::None,0,0,false
N2003_Shard,716,WildScratch,5,None,0,0,Gusionfur,1,5,Marbasfang,1,8,None,0,0,EDropCoin::None,0,0,false
N2008_Shard,717,Voidlay,6,None,0,0,AbyssguardianHeart,1,5,Abyssguardianbastard,1,8,DragonsEgg,2,10,EDropCoin::None,0,0,false
N3081_Shard,718,drain,5,None,0,0,Marbasmane,1,5,Marbasfang,1,8,None,0,0,EDropCoin::None,0,0,false
N3021_Shard,719,Accelerator,100,None,0,0,None,0,0,None,0,0,None,0,0,EDropCoin::None,0,0,false
N3038_Shard,720,GunMastery,4,None,0,0,None,0,0,None,0,0,None,0,0,EDropCoin::None,0,0,false
N3031_Shard,723,Resistice,4,Alexandrite,1,2,Diamond,1,6,Sapphire,1,12,None,0,0,EDropCoin::None,0,0,false
N3088_Shard,724,SummonTracer,4,None,0,0,DevilRoyalEyeball,1,5,None,0,0,None,0,0,EDropCoin::None,0,0,false
N3018_Shard,725,GunMastery,4,CypressLumber,1,2,None,0,0,None,0,0,None,0,0,EDropCoin::None,0,0,false
N3120_Shard,726,AxStrike,4,Orichalcum,1,2,Warriorskull,1,5,None,0,0,None,0,0,EDropCoin::None,0,0,false
N3057_Shard,727,FoldShiu,5,MurmurHeart,1,2,None,0,0,None,0,0,None,0,0,EDropCoin::None,0,0,false
N3106_Shard,731,Chiselbalage,15,Bloodybone,1,12,None,0,0,None,0,0,None,0,0,EDropCoin::None,0,0,false
N3106_1ST_Treasure,733,None,0,Bloodybone,1,100,None,0,0,None,0,0,None,0,0,EDropCoin::None,0,0,false
N3106_2ND_Treasure,734,None,0,None,0,0,Garlic,1,100,None,0,0,None,0,0,EDropCoin::None,0,0,false
N3107_Shard,735,RuinBeak,100,Bloodyskull,1,100,None,0,0,None,0,0,None,0,0,EDropCoin::None,0,0,false
N3107_Shard_Second,736,RuinBeak,12,Bloodyskull,1,12,None,0,0,None,0,0,None,0,0,EDropCoin::None,0,0,false
N3108_Shard,737,Jackpot,12,Gieremundfang,1,12,None,0,0,None,0,0,None,0,0,EDropCoin::None,0,0,false
N3108_Shard_ThreeSeven,738,Jackpot,100,Gieremundfang,1,100,None,0,0,None,0,0,None,0,0,EDropCoin::None,0,0,false
