Key,Value/ID,Value/Name,Value/Character,Value/WeaponCategory,Value/WeaponId,Value/CostMP,Value/ContinueCostMP,Value/Expertise,Value/States/0,Value/States/1,Value/Command/0/0/Key,Value/Command/0/0/Time,Value/Command/0/0/UTTypes,Value/Command/0/1/Key,Value/Command/0/1/Time,Value/Command/0/1/UTTypes,Value/Command/0/2/Key,Value/Command/0/2/Time,Value/Command/0/2/UTTypes,Value/Command/0/3/Key,Value/Command/0/3/Time,Value/Command/0/3/UTTypes,Value/Command/0/4/Key,Value/Command/0/4/Time,Value/Command/0/4/UTTypes,Value/States/2,Value/Command/0/5/Key,Value/Command/0/5/Time,Value/Command/0/5/UTTypes
Ssword_BackStab1,EWpnSPEntry::Ssword_BackStab,,EPBGameModePlayer::Miriam,EWeaponType::Knife,Kukuri,30,false,50,EArtsCommandStatus::Walking,EArtsCommandStatus::Falling,2,0.2,"NameProperty,FloatProperty",1,0.2,"NameProperty,FloatProperty",4,0.2,"NameProperty,FloatProperty",6,0.2,"NameProperty,FloatProperty",Attack,0.2,"NameProperty,FloatProperty",,,,
Ssword_BackStab2,EWpnSPEntry::Ssword_BackStab,,EPBGameModePlayer::Miriam,EWeaponType::Knife,Swordbreaker,30,false,50,EArtsCommandStatus::Walking,EArtsCommandStatus::Falling,2,0.2,"NameProperty,FloatProperty",1,0.2,"NameProperty,FloatProperty",4,0.2,"NameProperty,FloatProperty",6,0.2,"NameProperty,FloatProperty",Attack,0.2,"NameProperty,FloatProperty",,,,
Ssword_BackStab3,EWpnSPEntry::Ssword_BackStab,,EPBGameModePlayer::Miriam,EWeaponType::Knife,Calnwenan,30,false,50,EArtsCommandStatus::Walking,EArtsCommandStatus::Falling,2,0.2,"NameProperty,FloatProperty",1,0.2,"NameProperty,FloatProperty",4,0.2,"NameProperty,FloatProperty",6,0.2,"NameProperty,FloatProperty",Attack,0.2,"NameProperty,FloatProperty",,,,
Ssword_BackStab4,EWpnSPEntry::Ssword_BackStab,,EPBGameModePlayer::Miriam,EWeaponType::Knife,Mandaupasar,30,false,50,EArtsCommandStatus::Walking,EArtsCommandStatus::Falling,2,0.2,"NameProperty,FloatProperty",1,0.2,"NameProperty,FloatProperty",4,0.2,"NameProperty,FloatProperty",6,0.2,"NameProperty,FloatProperty",Attack,0.2,"NameProperty,FloatProperty",,,,
Ssword_Throw1,EWpnSPEntry::Ssword_Throw,,EPBGameModePlayer::Miriam,EWeaponType::Knife,Baselard,30,false,80,EArtsCommandStatus::Walking,EArtsCommandStatus::Falling,2,0.2,"NameProperty,FloatProperty",3,0.2,"NameProperty,FloatProperty",6,0.2,"NameProperty,FloatProperty",Attack,0.2,"NameProperty,FloatProperty",,,,EArtsCommandStatus::Flying,,,
Ssword_Throw2,EWpnSPEntry::Ssword_Throw,,EPBGameModePlayer::Miriam,EWeaponType::Knife,ManGauche,30,false,80,EArtsCommandStatus::Walking,EArtsCommandStatus::Falling,2,0.2,"NameProperty,FloatProperty",3,0.2,"NameProperty,FloatProperty",6,0.2,"NameProperty,FloatProperty",Attack,0.2,"NameProperty,FloatProperty",,,,EArtsCommandStatus::Flying,,,
Ssword_Throw3,EWpnSPEntry::Ssword_Throw,,EPBGameModePlayer::Miriam,EWeaponType::Knife,Calnwenan,30,false,80,EArtsCommandStatus::Walking,EArtsCommandStatus::Falling,2,0.2,"NameProperty,FloatProperty",3,0.2,"NameProperty,FloatProperty",6,0.2,"NameProperty,FloatProperty",Attack,0.2,"NameProperty,FloatProperty",,,,EArtsCommandStatus::Flying,,,
Ssword_Throw4,EWpnSPEntry::Ssword_Throw,,EPBGameModePlayer::Miriam,EWeaponType::Knife,Mandaupasar,30,false,80,EArtsCommandStatus::Walking,EArtsCommandStatus::Falling,2,0.2,"NameProperty,FloatProperty",3,0.2,"NameProperty,FloatProperty",6,0.2,"NameProperty,FloatProperty",Attack,0.2,"NameProperty,FloatProperty",,,,EArtsCommandStatus::Flying,,,
Ssword_BackSteal1,EWpnSPEntry::Ssword_BackSteal,,EPBGameModePlayer::Miriam,EWeaponType::ShortSword,HuntedBrad,30,false,-1,EArtsCommandStatus::Walking,,6,0.2,"NameProperty,FloatProperty",4,0.2,"NameProperty,FloatProperty",6,0.2,"NameProperty,FloatProperty",Attack,0.2,"NameProperty,FloatProperty",,,,,,,
NSword_ChargeAttack1,EWpnSPEntry::NSword_ChargeAttack,,EPBGameModePlayer::Miriam,EWeaponType::ShortSword,Florenberg,30,false,120,EArtsCommandStatus::Walking,,2,0.2,"NameProperty,FloatProperty",3,0.2,"NameProperty,FloatProperty",6,0.2,"NameProperty,FloatProperty",Attack,0.2,"NameProperty,FloatProperty",,,,,,,
NSword_ChargeAttack2,EWpnSPEntry::NSword_ChargeAttack,,EPBGameModePlayer::Miriam,EWeaponType::ShortSword,Armas,30,false,120,EArtsCommandStatus::Walking,,2,0.2,"NameProperty,FloatProperty",3,0.2,"NameProperty,FloatProperty",6,0.2,"NameProperty,FloatProperty",Attack,0.2,"NameProperty,FloatProperty",,,,,,,
NSword_ChargeAttack3,EWpnSPEntry::NSword_ChargeAttack,,EPBGameModePlayer::Miriam,EWeaponType::ShortSword,Caradoborg,30,false,120,EArtsCommandStatus::Walking,,2,0.2,"NameProperty,FloatProperty",3,0.2,"NameProperty,FloatProperty",6,0.2,"NameProperty,FloatProperty",Attack,0.2,"NameProperty,FloatProperty",,,,,,,
NSword_ChargeAttack4,EWpnSPEntry::NSword_ChargeAttack,,EPBGameModePlayer::Miriam,EWeaponType::ShortSword,Flagarach,30,false,120,EArtsCommandStatus::Walking,,2,0.2,"NameProperty,FloatProperty",3,0.2,"NameProperty,FloatProperty",6,0.2,"NameProperty,FloatProperty",Attack,0.2,"NameProperty,FloatProperty",,,,,,,
NSword_ChargeAttack5,EWpnSPEntry::NSword_ChargeAttack,,EPBGameModePlayer::Miriam,EWeaponType::ShortSword,Dineslave,30,false,120,EArtsCommandStatus::Walking,,2,0.2,"NameProperty,FloatProperty",3,0.2,"NameProperty,FloatProperty",6,0.2,"NameProperty,FloatProperty",Attack,0.2,"NameProperty,FloatProperty",,,,,,,
NSword_ChargeAttack6,EWpnSPEntry::NSword_ChargeAttack,,EPBGameModePlayer::Miriam,EWeaponType::ShortSword,Broadsword,30,false,120,EArtsCommandStatus::Walking,,2,0.2,"NameProperty,FloatProperty",3,0.2,"NameProperty,FloatProperty",6,0.2,"NameProperty,FloatProperty",Attack,0.2,"NameProperty,FloatProperty",,,,,,,
NSword_ChargeAttack7,EWpnSPEntry::NSword_ChargeAttack,,EPBGameModePlayer::Miriam,EWeaponType::ShortSword,Redumbrella,30,false,120,EArtsCommandStatus::Walking,,2,0.2,"NameProperty,FloatProperty",3,0.2,"NameProperty,FloatProperty",6,0.2,"NameProperty,FloatProperty",Attack,0.2,"NameProperty,FloatProperty",,,,,,,
NSword_ChargeAttack8,EWpnSPEntry::NSword_ChargeAttack,,EPBGameModePlayer::Miriam,EWeaponType::ShortSword,XrossBrade,30,false,120,EArtsCommandStatus::Walking,,2,0.2,"NameProperty,FloatProperty",3,0.2,"NameProperty,FloatProperty",6,0.2,"NameProperty,FloatProperty",Attack,0.2,"NameProperty,FloatProperty",,,,,,,
NSword_ChargeAttack9,EWpnSPEntry::NSword_ChargeAttack,,EPBGameModePlayer::Miriam,EWeaponType::ShortSword,XrossBrade2,30,false,120,EArtsCommandStatus::Walking,,2,0.2,"NameProperty,FloatProperty",3,0.2,"NameProperty,FloatProperty",6,0.2,"NameProperty,FloatProperty",Attack,0.2,"NameProperty,FloatProperty",,,,,,,
NSword_ChargeAttack10,EWpnSPEntry::NSword_ChargeAttack,,EPBGameModePlayer::Miriam,EWeaponType::ShortSword,XrossBrade3,30,false,120,EArtsCommandStatus::Walking,,2,0.2,"NameProperty,FloatProperty",3,0.2,"NameProperty,FloatProperty",6,0.2,"NameProperty,FloatProperty",Attack,0.2,"NameProperty,FloatProperty",,,,,,,
NSword_ChargeAttack11,EWpnSPEntry::NSword_ChargeAttack,,EPBGameModePlayer::Miriam,EWeaponType::ShortSword,BradeOfEU,30,false,120,EArtsCommandStatus::Walking,,2,0.2,"NameProperty,FloatProperty",3,0.2,"NameProperty,FloatProperty",6,0.2,"NameProperty,FloatProperty",Attack,0.2,"NameProperty,FloatProperty",,,,,,,
NSword_ChargeAttack12,EWpnSPEntry::NSword_ChargeAttack,,EPBGameModePlayer::Miriam,EWeaponType::ShortSword,BradeOfEU2,30,false,120,EArtsCommandStatus::Walking,,2,0.2,"NameProperty,FloatProperty",3,0.2,"NameProperty,FloatProperty",6,0.2,"NameProperty,FloatProperty",Attack,0.2,"NameProperty,FloatProperty",,,,,,,
NSword_ChargeAttack13,EWpnSPEntry::NSword_ChargeAttack,,EPBGameModePlayer::Miriam,EWeaponType::ShortSword,BradeOfEU3,30,false,120,EArtsCommandStatus::Walking,,2,0.2,"NameProperty,FloatProperty",3,0.2,"NameProperty,FloatProperty",6,0.2,"NameProperty,FloatProperty",Attack,0.2,"NameProperty,FloatProperty",,,,,,,
NSword_ChargeAttack14,EWpnSPEntry::NSword_ChargeAttack,,EPBGameModePlayer::Miriam,EWeaponType::ShortSword,LightSaber,30,false,120,EArtsCommandStatus::Walking,,2,0.2,"NameProperty,FloatProperty",3,0.2,"NameProperty,FloatProperty",6,0.2,"NameProperty,FloatProperty",Attack,0.2,"NameProperty,FloatProperty",,,,,,,
NSword_ChargeAttack15,EWpnSPEntry::NSword_ChargeAttack,,EPBGameModePlayer::Miriam,EWeaponType::ShortSword,LightSaber2,30,false,120,EArtsCommandStatus::Walking,,2,0.2,"NameProperty,FloatProperty",3,0.2,"NameProperty,FloatProperty",6,0.2,"NameProperty,FloatProperty",Attack,0.2,"NameProperty,FloatProperty",,,,,,,
NSword_ChargeAttack16,EWpnSPEntry::NSword_ChargeAttack,,EPBGameModePlayer::Miriam,EWeaponType::ShortSword,LightSaber3,30,false,120,EArtsCommandStatus::Walking,,2,0.2,"NameProperty,FloatProperty",3,0.2,"NameProperty,FloatProperty",6,0.2,"NameProperty,FloatProperty",Attack,0.2,"NameProperty,FloatProperty",,,,,,,
NSword_ChargeAttack17,EWpnSPEntry::NSword_ChargeAttack,,EPBGameModePlayer::Miriam,EWeaponType::ShortSword,JodoSwordLight,30,false,120,EArtsCommandStatus::Walking,,2,0.2,"NameProperty,FloatProperty",3,0.2,"NameProperty,FloatProperty",6,0.2,"NameProperty,FloatProperty",Attack,0.2,"NameProperty,FloatProperty",,,,,,,
NSword_ChargeAttack18,EWpnSPEntry::NSword_ChargeAttack,,EPBGameModePlayer::Miriam,EWeaponType::ShortSword,JodoSwordLight2,30,false,120,EArtsCommandStatus::Walking,,2,0.2,"NameProperty,FloatProperty",3,0.2,"NameProperty,FloatProperty",6,0.2,"NameProperty,FloatProperty",Attack,0.2,"NameProperty,FloatProperty",,,,,,,
NSword_ChargeAttack19,EWpnSPEntry::NSword_ChargeAttack,,EPBGameModePlayer::Miriam,EWeaponType::ShortSword,JodoSwordLight3,30,false,120,EArtsCommandStatus::Walking,,2,0.2,"NameProperty,FloatProperty",3,0.2,"NameProperty,FloatProperty",6,0.2,"NameProperty,FloatProperty",Attack,0.2,"NameProperty,FloatProperty",,,,,,,
NSword_ChargeAttack20,EWpnSPEntry::NSword_ChargeAttack,,EPBGameModePlayer::Miriam,EWeaponType::ShortSword,SpearCutDownAside,30,false,120,EArtsCommandStatus::Walking,,2,0.2,"NameProperty,FloatProperty",3,0.2,"NameProperty,FloatProperty",6,0.2,"NameProperty,FloatProperty",Attack,0.2,"NameProperty,FloatProperty",,,,,,,
NSword_ChargeAttack21,EWpnSPEntry::NSword_ChargeAttack,,EPBGameModePlayer::Miriam,EWeaponType::ShortSword,SpearCutDownAside2,30,false,120,EArtsCommandStatus::Walking,,2,0.2,"NameProperty,FloatProperty",3,0.2,"NameProperty,FloatProperty",6,0.2,"NameProperty,FloatProperty",Attack,0.2,"NameProperty,FloatProperty",,,,,,,
NSword_ChargeAttack22,EWpnSPEntry::NSword_ChargeAttack,,EPBGameModePlayer::Miriam,EWeaponType::ShortSword,SpearCutDownAside3,30,false,120,EArtsCommandStatus::Walking,,2,0.2,"NameProperty,FloatProperty",3,0.2,"NameProperty,FloatProperty",6,0.2,"NameProperty,FloatProperty",Attack,0.2,"NameProperty,FloatProperty",,,,,,,
NSword_ChargeAttack23,EWpnSPEntry::NSword_ChargeAttack,,EPBGameModePlayer::Miriam,EWeaponType::ShortSword,ClockSowrd,30,false,120,EArtsCommandStatus::Walking,,2,0.2,"NameProperty,FloatProperty",3,0.2,"NameProperty,FloatProperty",6,0.2,"NameProperty,FloatProperty",Attack,0.2,"NameProperty,FloatProperty",,,,,,,
NSword_ChargeAttack24,EWpnSPEntry::NSword_ChargeAttack,,EPBGameModePlayer::Miriam,EWeaponType::ShortSword,LoveOfPizza,30,false,120,EArtsCommandStatus::Walking,,2,0.2,"NameProperty,FloatProperty",3,0.2,"NameProperty,FloatProperty",6,0.2,"NameProperty,FloatProperty",Attack,0.2,"NameProperty,FloatProperty",,,,,,,
NSword_ChargeAttack25,EWpnSPEntry::NSword_ChargeAttack,,EPBGameModePlayer::Miriam,EWeaponType::ShortSword,KongSword,30,false,120,EArtsCommandStatus::Walking,,2,0.2,"NameProperty,FloatProperty",3,0.2,"NameProperty,FloatProperty",6,0.2,"NameProperty,FloatProperty",Attack,0.2,"NameProperty,FloatProperty",,,,,,,
NSword_ChargeAttack26,EWpnSPEntry::NSword_ChargeAttack,,EPBGameModePlayer::Miriam,EWeaponType::ShortSword,SwordOfTheMushroom,30,false,120,EArtsCommandStatus::Walking,,2,0.2,"NameProperty,FloatProperty",3,0.2,"NameProperty,FloatProperty",6,0.2,"NameProperty,FloatProperty",Attack,0.2,"NameProperty,FloatProperty",,,,,,,
NSword_ChargeAttack27,EWpnSPEntry::NSword_ChargeAttack,,EPBGameModePlayer::Miriam,EWeaponType::ShortSword,PowerSword,30,false,120,EArtsCommandStatus::Walking,,2,0.2,"NameProperty,FloatProperty",3,0.2,"NameProperty,FloatProperty",6,0.2,"NameProperty,FloatProperty",Attack,0.2,"NameProperty,FloatProperty",,,,,,,
NSword_ChargeAttack28,EWpnSPEntry::NSword_ChargeAttack,,EPBGameModePlayer::Miriam,EWeaponType::ShortSword,SilverAndBlackSword,30,false,120,EArtsCommandStatus::Walking,,2,0.2,"NameProperty,FloatProperty",3,0.2,"NameProperty,FloatProperty",6,0.2,"NameProperty,FloatProperty",Attack,0.2,"NameProperty,FloatProperty",,,,,,,
NSword_ChargeAttack29,EWpnSPEntry::NSword_ChargeAttack,,EPBGameModePlayer::Miriam,EWeaponType::ShortSword,DungeonNightSword,30,false,120,EArtsCommandStatus::Walking,,2,0.2,"NameProperty,FloatProperty",3,0.2,"NameProperty,FloatProperty",6,0.2,"NameProperty,FloatProperty",Attack,0.2,"NameProperty,FloatProperty",,,,,,,
NSword_ChargeAttack30,EWpnSPEntry::NSword_ChargeAttack,,EPBGameModePlayer::Miriam,EWeaponType::ShortSword,EvilTheSword,30,false,120,EArtsCommandStatus::Walking,,2,0.2,"NameProperty,FloatProperty",3,0.2,"NameProperty,FloatProperty",6,0.2,"NameProperty,FloatProperty",Attack,0.2,"NameProperty,FloatProperty",,,,,,,
NSword_ChargeAttack31,EWpnSPEntry::NSword_ChargeAttack,,EPBGameModePlayer::Miriam,EWeaponType::ShortSword,ValkyrieSword,30,false,120,EArtsCommandStatus::Walking,,2,0.2,"NameProperty,FloatProperty",3,0.2,"NameProperty,FloatProperty",6,0.2,"NameProperty,FloatProperty",Attack,0.2,"NameProperty,FloatProperty",,,,,,,
NSword_ChargeAttack32,EWpnSPEntry::NSword_ChargeAttack,,EPBGameModePlayer::Miriam,EWeaponType::Club,Yagurushi,30,false,120,EArtsCommandStatus::Walking,,2,0.2,"NameProperty,FloatProperty",3,0.2,"NameProperty,FloatProperty",6,0.2,"NameProperty,FloatProperty",Attack,0.2,"NameProperty,FloatProperty",,,,,,,
NSword_ChargeAttack33,EWpnSPEntry::NSword_ChargeAttack,,EPBGameModePlayer::Miriam,EWeaponType::Club,Charwell,30,false,120,EArtsCommandStatus::Walking,,2,0.2,"NameProperty,FloatProperty",3,0.2,"NameProperty,FloatProperty",6,0.2,"NameProperty,FloatProperty",Attack,0.2,"NameProperty,FloatProperty",,,,,,,
NSword_ChargeAttack34,EWpnSPEntry::NSword_ChargeAttack,,EPBGameModePlayer::Miriam,EWeaponType::Club,Mistrutein,30,false,120,EArtsCommandStatus::Walking,,2,0.2,"NameProperty,FloatProperty",3,0.2,"NameProperty,FloatProperty",6,0.2,"NameProperty,FloatProperty",Attack,0.2,"NameProperty,FloatProperty",,,,,,,
NSword_ChargeAttack35,EWpnSPEntry::NSword_ChargeAttack,,EPBGameModePlayer::Miriam,EWeaponType::Club,StickOfMagiGirl,30,false,120,EArtsCommandStatus::Walking,,2,0.2,"NameProperty,FloatProperty",3,0.2,"NameProperty,FloatProperty",6,0.2,"NameProperty,FloatProperty",Attack,0.2,"NameProperty,FloatProperty",,,,,,,
NSword_ChargeAttack36,EWpnSPEntry::NSword_ChargeAttack,,EPBGameModePlayer::Miriam,EWeaponType::Club,StickOfMagiGirl2,30,false,120,EArtsCommandStatus::Walking,,2,0.2,"NameProperty,FloatProperty",3,0.2,"NameProperty,FloatProperty",6,0.2,"NameProperty,FloatProperty",Attack,0.2,"NameProperty,FloatProperty",,,,,,,
NSword_ChargeAttack37,EWpnSPEntry::NSword_ChargeAttack,,EPBGameModePlayer::Miriam,EWeaponType::Club,StickOfMagiGirl3,30,false,120,EArtsCommandStatus::Walking,,2,0.2,"NameProperty,FloatProperty",3,0.2,"NameProperty,FloatProperty",6,0.2,"NameProperty,FloatProperty",Attack,0.2,"NameProperty,FloatProperty",,,,,,,
NSword_Parry1,EWpnSPEntry::NSword_Parry,,EPBGameModePlayer::Miriam,EWeaponType::ShortSword,Burtgang,15,false,50,EArtsCommandStatus::Walking,,6,0.15,"NameProperty,FloatProperty",6,0.15,"NameProperty,FloatProperty",Attack,0.15,"NameProperty,FloatProperty",,,,,,,,,,
NSword_PowerSlash1,EWpnSPEntry::NSword_PowerSlash,,EPBGameModePlayer::Miriam,EWeaponType::ShortSword,WolfBalt,20,false,50,EArtsCommandStatus::Walking,,2,0.2,"NameProperty,FloatProperty",1,0.2,"NameProperty,FloatProperty",4,0.2,"NameProperty,FloatProperty",6,0.2,"NameProperty,FloatProperty",Attack,0.2,"NameProperty,FloatProperty",,,,
NSword_PowerSlash2,EWpnSPEntry::NSword_PowerSlash,,EPBGameModePlayer::Miriam,EWeaponType::ShortSword,Hoffdo,20,false,50,EArtsCommandStatus::Walking,,2,0.2,"NameProperty,FloatProperty",1,0.2,"NameProperty,FloatProperty",4,0.2,"NameProperty,FloatProperty",6,0.2,"NameProperty,FloatProperty",Attack,0.2,"NameProperty,FloatProperty",,,,
NSword_PowerSlash3,EWpnSPEntry::NSword_PowerSlash,,EPBGameModePlayer::Miriam,EWeaponType::ShortSword,Liddyl,20,false,50,EArtsCommandStatus::Walking,,2,0.2,"NameProperty,FloatProperty",1,0.2,"NameProperty,FloatProperty",4,0.2,"NameProperty,FloatProperty",6,0.2,"NameProperty,FloatProperty",Attack,0.2,"NameProperty,FloatProperty",,,,
NSword_PowerSlash4,EWpnSPEntry::NSword_PowerSlash,,EPBGameModePlayer::Miriam,EWeaponType::Club,Morgenstern,20,false,50,EArtsCommandStatus::Walking,,2,0.2,"NameProperty,FloatProperty",1,0.2,"NameProperty,FloatProperty",4,0.2,"NameProperty,FloatProperty",6,0.2,"NameProperty,FloatProperty",Attack,0.2,"NameProperty,FloatProperty",,,,
NSword_PowerSlash5,EWpnSPEntry::NSword_PowerSlash,,EPBGameModePlayer::Miriam,EWeaponType::Club,McAutil,20,false,50,EArtsCommandStatus::Walking,,2,0.2,"NameProperty,FloatProperty",1,0.2,"NameProperty,FloatProperty",4,0.2,"NameProperty,FloatProperty",6,0.2,"NameProperty,FloatProperty",Attack,0.2,"NameProperty,FloatProperty",,,,
NSword_PowerSlash6,EWpnSPEntry::NSword_PowerSlash,,EPBGameModePlayer::Miriam,EWeaponType::Club,StickOfMagiGirl,20,false,50,EArtsCommandStatus::Walking,,2,0.2,"NameProperty,FloatProperty",1,0.2,"NameProperty,FloatProperty",4,0.2,"NameProperty,FloatProperty",6,0.2,"NameProperty,FloatProperty",Attack,0.2,"NameProperty,FloatProperty",,,,
NSword_PowerSlash7,EWpnSPEntry::NSword_PowerSlash,,EPBGameModePlayer::Miriam,EWeaponType::Club,StickOfMagiGirl2,20,false,50,EArtsCommandStatus::Walking,,2,0.2,"NameProperty,FloatProperty",1,0.2,"NameProperty,FloatProperty",4,0.2,"NameProperty,FloatProperty",6,0.2,"NameProperty,FloatProperty",Attack,0.2,"NameProperty,FloatProperty",,,,
NSword_PowerSlash8,EWpnSPEntry::NSword_PowerSlash,,EPBGameModePlayer::Miriam,EWeaponType::Club,StickOfMagiGirl3,20,false,50,EArtsCommandStatus::Walking,,2,0.2,"NameProperty,FloatProperty",1,0.2,"NameProperty,FloatProperty",4,0.2,"NameProperty,FloatProperty",6,0.2,"NameProperty,FloatProperty",Attack,0.2,"NameProperty,FloatProperty",,,,
NSword_ThrowSword1,EWpnSPEntry::NSword_ThrowWeapon,,EPBGameModePlayer::Miriam,EWeaponType::ShortSword,ValkyrieSword,30,false,50,EArtsCommandStatus::Walking,EArtsCommandStatus::Falling,2,0.15,"NameProperty,FloatProperty",2,0.15,"NameProperty,FloatProperty",Attack,0.15,"NameProperty,FloatProperty",,,,,,,,,,
LSword_GroundMoon1,EWpnSPEntry::LSword_GroundMoon,,EPBGameModePlayer::Miriam,EWeaponType::LargeSword,Gram,60,true,80,EArtsCommandStatus::Walking,,2,0.2,"NameProperty,FloatProperty",3,0.2,"NameProperty,FloatProperty",6,0.2,"NameProperty,FloatProperty",Attack,0.2,"NameProperty,FloatProperty",,,,,,,
LSword_GroundMoon2,EWpnSPEntry::LSword_GroundMoon,,EPBGameModePlayer::Miriam,EWeaponType::LargeSword,Sherdar,60,true,80,EArtsCommandStatus::Walking,,2,0.2,"NameProperty,FloatProperty",3,0.2,"NameProperty,FloatProperty",6,0.2,"NameProperty,FloatProperty",Attack,0.2,"NameProperty,FloatProperty",,,,,,,
LSword_GroundMoon3,EWpnSPEntry::LSword_GroundMoon,,EPBGameModePlayer::Miriam,EWeaponType::LargeSword,Durandal,60,true,80,EArtsCommandStatus::Walking,,2,0.2,"NameProperty,FloatProperty",3,0.2,"NameProperty,FloatProperty",6,0.2,"NameProperty,FloatProperty",Attack,0.2,"NameProperty,FloatProperty",,,,,,,
LSword_SteelCY1,EWpnSPEntry::Staff_Suchisai,,EPBGameModePlayer::Miriam,EWeaponType::LargeSword,Perex,50,false,50,EArtsCommandStatus::Walking,,2,0.2,"NameProperty,FloatProperty",1,0.2,"NameProperty,FloatProperty",4,0.2,"NameProperty,FloatProperty",6,0.2,"NameProperty,FloatProperty",Attack,0.2,"NameProperty,FloatProperty",,,,
LSword_SteelCY2,EWpnSPEntry::Staff_Suchisai,,EPBGameModePlayer::Miriam,EWeaponType::LargeSword,Valdish,50,false,50,EArtsCommandStatus::Walking,,2,0.2,"NameProperty,FloatProperty",1,0.2,"NameProperty,FloatProperty",4,0.2,"NameProperty,FloatProperty",6,0.2,"NameProperty,FloatProperty",Attack,0.2,"NameProperty,FloatProperty",,,,
LSword_SteelCY3,EWpnSPEntry::Staff_Suchisai,,EPBGameModePlayer::Miriam,EWeaponType::LargeSword,TurmericBasara,50,false,50,EArtsCommandStatus::Walking,,2,0.2,"NameProperty,FloatProperty",1,0.2,"NameProperty,FloatProperty",4,0.2,"NameProperty,FloatProperty",6,0.2,"NameProperty,FloatProperty",Attack,0.2,"NameProperty,FloatProperty",,,,
Nsword_HundredFlowers1,EWpnSPEntry::Nsword_HundredFlowers,,EPBGameModePlayer::Miriam,EWeaponType::Rapir,Rapier,20,true,500,EArtsCommandStatus::Walking,,Attack,0.2,"NameProperty,FloatProperty",Attack,0.2,"NameProperty,FloatProperty",Attack,0.2,"NameProperty,FloatProperty",Attack,0.2,"NameProperty,FloatProperty",Attack,0.2,"NameProperty,FloatProperty",,Attack,0.2,"NameProperty,FloatProperty"
Nsword_HundredFlowers2,EWpnSPEntry::Nsword_HundredFlowers,,EPBGameModePlayer::Miriam,EWeaponType::Rapir,Stinger,20,true,500,EArtsCommandStatus::Walking,,Attack,0.2,"NameProperty,FloatProperty",Attack,0.2,"NameProperty,FloatProperty",Attack,0.2,"NameProperty,FloatProperty",Attack,0.2,"NameProperty,FloatProperty",Attack,0.2,"NameProperty,FloatProperty",,Attack,0.2,"NameProperty,FloatProperty"
Nsword_HundredFlowers3,EWpnSPEntry::Nsword_HundredFlowers,,EPBGameModePlayer::Miriam,EWeaponType::Rapir,Cazilk,20,true,500,EArtsCommandStatus::Walking,,Attack,0.2,"NameProperty,FloatProperty",Attack,0.2,"NameProperty,FloatProperty",Attack,0.2,"NameProperty,FloatProperty",Attack,0.2,"NameProperty,FloatProperty",Attack,0.2,"NameProperty,FloatProperty",,Attack,0.2,"NameProperty,FloatProperty"
Nsword_Shandy1,EWpnSPEntry::Nsword_Shandy,,EPBGameModePlayer::Miriam,EWeaponType::Rapir,Miserikorde,30,false,80,EArtsCommandStatus::Walking,,6,0.2,"NameProperty,FloatProperty",4,0.2,"NameProperty,FloatProperty",6,0.2,"NameProperty,FloatProperty",Attack,0.2,"NameProperty,FloatProperty",,,,,,,
Nsword_Shandy2,EWpnSPEntry::Nsword_Shandy,,EPBGameModePlayer::Miriam,EWeaponType::Rapir,Juwuse,30,false,80,EArtsCommandStatus::Walking,,6,0.2,"NameProperty,FloatProperty",4,0.2,"NameProperty,FloatProperty",6,0.2,"NameProperty,FloatProperty",Attack,0.2,"NameProperty,FloatProperty",,,,,,,
Spear_Charge1,EWpnSPEntry::Spear_Charge,,EPBGameModePlayer::Miriam,EWeaponType::Spear,ShingoGempo,60,true,80,EArtsCommandStatus::Walking,,2,0.2,"NameProperty,FloatProperty",3,0.2,"NameProperty,FloatProperty",6,0.2,"NameProperty,FloatProperty",Attack,0.2,"NameProperty,FloatProperty",,,,,,,
Spear_Charge2,EWpnSPEntry::Spear_Charge,,EPBGameModePlayer::Miriam,EWeaponType::Spear,Coldgrindingsaw,60,true,80,EArtsCommandStatus::Walking,,2,0.2,"NameProperty,FloatProperty",3,0.2,"NameProperty,FloatProperty",6,0.2,"NameProperty,FloatProperty",Attack,0.2,"NameProperty,FloatProperty",,,,,,,
Spear_ThreeStaff1,EWpnSPEntry::Spear_ThreeStaff,,EPBGameModePlayer::Miriam,EWeaponType::Spear,Triplet,30,false,-1,EArtsCommandStatus::Walking,,6,0.2,"NameProperty,FloatProperty",6,0.2,"NameProperty,FloatProperty",Attack,0.2,"NameProperty,FloatProperty",,,,,,,,,,
Spear_Roll1,EWpnSPEntry::Spear_Roll,,EPBGameModePlayer::Miriam,EWeaponType::Spear,Reims,60,true,50,EArtsCommandStatus::Walking,,2,0.2,"NameProperty,FloatProperty",4,0.2,"NameProperty,FloatProperty",8,0.2,"NameProperty,FloatProperty",6,0.2,"NameProperty,FloatProperty",Attack,0.2,"NameProperty,FloatProperty",,,,
Spear_Roll2,EWpnSPEntry::Spear_Roll,,EPBGameModePlayer::Miriam,EWeaponType::Spear,Gayalsals,60,true,50,EArtsCommandStatus::Walking,,2,0.2,"NameProperty,FloatProperty",4,0.2,"NameProperty,FloatProperty",8,0.2,"NameProperty,FloatProperty",6,0.2,"NameProperty,FloatProperty",Attack,0.2,"NameProperty,FloatProperty",,,,
Foot_DropKick1,EWpnSPEntry::Foot_DropKick,,EPBGameModePlayer::Miriam,EWeaponType::Boots,KillerBoots,20,false,80,EArtsCommandStatus::Walking,EArtsCommandStatus::Falling,2,0.2,"NameProperty,FloatProperty",2,0.2,"NameProperty,FloatProperty",Attack,0.2,"NameProperty,FloatProperty",,,,,,,EArtsCommandStatus::Flying,,,
Foot_DropKick2,EWpnSPEntry::Foot_DropKick,,EPBGameModePlayer::Miriam,EWeaponType::Boots,Decapitator,20,false,80,EArtsCommandStatus::Walking,EArtsCommandStatus::Falling,2,0.2,"NameProperty,FloatProperty",2,0.2,"NameProperty,FloatProperty",Attack,0.2,"NameProperty,FloatProperty",,,,,,,EArtsCommandStatus::Flying,,,
WpnSP_ThreeKicks1,EWpnSPEntry::WpnSP_ThreeKicks,,EPBGameModePlayer::Miriam,EWeaponType::Boots,KungFuShoes,15,false,50,EArtsCommandStatus::Walking,EArtsCommandStatus::Falling,2,0.2,"NameProperty,FloatProperty",3,0.2,"NameProperty,FloatProperty",6,0.2,"NameProperty,FloatProperty",Attack,0.2,"NameProperty,FloatProperty",,,,EArtsCommandStatus::Flying,,,
WpnSP_ThreeKicks2,EWpnSPEntry::WpnSP_ThreeKicks,,EPBGameModePlayer::Miriam,EWeaponType::Boots,Dragonshoes,15,false,50,EArtsCommandStatus::Walking,EArtsCommandStatus::Falling,2,0.2,"NameProperty,FloatProperty",3,0.2,"NameProperty,FloatProperty",6,0.2,"NameProperty,FloatProperty",Attack,0.2,"NameProperty,FloatProperty",,,,EArtsCommandStatus::Flying,,,
Whip_BigAttack1,EWpnSPEntry::Whip_BigAttack,,EPBGameModePlayer::Miriam,EWeaponType::Whip,Ibarakaswhip,30,false,50,EArtsCommandStatus::Walking,,2,0.2,"NameProperty,FloatProperty",3,0.2,"NameProperty,FloatProperty",6,0.2,"NameProperty,FloatProperty",Attack,0.2,"NameProperty,FloatProperty",,,,,,,
Whip_BigAttack2,EWpnSPEntry::Whip_BigAttack,,EPBGameModePlayer::Miriam,EWeaponType::Whip,Snakebyte,30,false,50,EArtsCommandStatus::Walking,,2,0.2,"NameProperty,FloatProperty",3,0.2,"NameProperty,FloatProperty",6,0.2,"NameProperty,FloatProperty",Attack,0.2,"NameProperty,FloatProperty",,,,,,,
Whip_BigAttack3,EWpnSPEntry::Whip_BigAttack,,EPBGameModePlayer::Miriam,EWeaponType::Whip,Albireo,30,false,50,EArtsCommandStatus::Walking,,2,0.2,"NameProperty,FloatProperty",3,0.2,"NameProperty,FloatProperty",6,0.2,"NameProperty,FloatProperty",Attack,0.2,"NameProperty,FloatProperty",,,,,,,
Jsword_BloodSnowStorm1,EWpnSPEntry::Jsword_BloodSnowStorm,,EPBGameModePlayer::Miriam,EWeaponType::JapaneseSword,Tsurumaru,30,false,80,EArtsCommandStatus::Walking,,2,0.2,"NameProperty,FloatProperty",1,0.2,"NameProperty,FloatProperty",4,0.2,"NameProperty,FloatProperty",6,0.2,"NameProperty,FloatProperty",Attack,0.2,"NameProperty,FloatProperty",,,,
Jsword_BloodSnowStorm2,EWpnSPEntry::Jsword_BloodSnowStorm,,EPBGameModePlayer::Miriam,EWeaponType::JapaneseSword,Tadanako,30,false,80,EArtsCommandStatus::Walking,,2,0.2,"NameProperty,FloatProperty",1,0.2,"NameProperty,FloatProperty",4,0.2,"NameProperty,FloatProperty",6,0.2,"NameProperty,FloatProperty",Attack,0.2,"NameProperty,FloatProperty",,,,
JSowrd_Kabut1,EWpnSPEntry::JSowrd_Kabut,,EPBGameModePlayer::Miriam,EWeaponType::JapaneseSword,ShiroTorujiro,20,false,50,EArtsCommandStatus::Walking,,2,0.2,"NameProperty,FloatProperty",2,0.2,"NameProperty,FloatProperty",Attack,0.2,"NameProperty,FloatProperty",,,,,,,,,,
JSowrd_Kabut2,EWpnSPEntry::JSowrd_Kabut,,EPBGameModePlayer::Miriam,EWeaponType::JapaneseSword,OgreWoodenSword,20,false,50,EArtsCommandStatus::Walking,,2,0.2,"NameProperty,FloatProperty",2,0.2,"NameProperty,FloatProperty",Attack,0.2,"NameProperty,FloatProperty",,,,,,,,,,
JSword_GodSpeed1,EWpnSPEntry::JSword_GodSpeed,,EPBGameModePlayer::Miriam,EWeaponType::JapaneseSword,Lightningoff,50,false,80,EArtsCommandStatus::Walking,,6,0.25,"NameProperty,FloatProperty",4,0.25,"NameProperty,FloatProperty",6,0.25,"NameProperty,FloatProperty",Attack,0.25,"NameProperty,FloatProperty",,,,,,,
JSword_GodSpeed2,EWpnSPEntry::JSword_GodSpeed,,EPBGameModePlayer::Miriam,EWeaponType::JapaneseSword,MikazukiMaen,50,false,80,EArtsCommandStatus::Walking,,6,0.25,"NameProperty,FloatProperty",4,0.25,"NameProperty,FloatProperty",6,0.25,"NameProperty,FloatProperty",Attack,0.25,"NameProperty,FloatProperty",,,,,,,
Jsword_CircleEdge1,EWpnSPEntry::Jsword_CircleEdge,,EPBGameModePlayer::Miriam,EWeaponType::JapaneseSword,Swordsman,30,false,50,EArtsCommandStatus::Walking,,4,0.2,"NameProperty,FloatProperty",2,0.2,"NameProperty,FloatProperty",6,0.2,"NameProperty,FloatProperty",8,0.2,"NameProperty,FloatProperty",Attack,0.2,"NameProperty,FloatProperty",,,,
Jsword_CircleEdge2,EWpnSPEntry::Jsword_CircleEdge,,EPBGameModePlayer::Miriam,EWeaponType::JapaneseSword,MikazukiMaen,30,false,50,EArtsCommandStatus::Walking,,4,0.2,"NameProperty,FloatProperty",2,0.2,"NameProperty,FloatProperty",6,0.2,"NameProperty,FloatProperty",8,0.2,"NameProperty,FloatProperty",Attack,0.2,"NameProperty,FloatProperty",,,,
Jsword_CircleEdge3,EWpnSPEntry::Jsword_CircleEdge,,EPBGameModePlayer::Miriam,EWeaponType::JapaneseSword,Truesixteenthnight,30,false,50,EArtsCommandStatus::Walking,,4,0.2,"NameProperty,FloatProperty",2,0.2,"NameProperty,FloatProperty",6,0.2,"NameProperty,FloatProperty",8,0.2,"NameProperty,FloatProperty",Attack,0.2,"NameProperty,FloatProperty",,,,
Jsword_GratefulDead1,EWpnSPEntry::Jsword_GratefulDead,,EPBGameModePlayer::Miriam,EWeaponType::JapaneseSword,Tsurumaru,20,false,50,EArtsCommandStatus::Walking,,2,0.2,"NameProperty,FloatProperty",3,0.2,"NameProperty,FloatProperty",6,0.2,"NameProperty,FloatProperty",Attack,0.2,"NameProperty,FloatProperty",,,,,,,
Jsword_GratefulDead2,EWpnSPEntry::Jsword_GratefulDead,,EPBGameModePlayer::Miriam,EWeaponType::JapaneseSword,Tadanako,20,false,50,EArtsCommandStatus::Walking,,2,0.2,"NameProperty,FloatProperty",3,0.2,"NameProperty,FloatProperty",6,0.2,"NameProperty,FloatProperty",Attack,0.2,"NameProperty,FloatProperty",,,,,,,
Jsword_GratefulDead3,EWpnSPEntry::Jsword_GratefulDead,,EPBGameModePlayer::Miriam,EWeaponType::JapaneseSword,MikazukiMaen,20,false,50,EArtsCommandStatus::Walking,,2,0.2,"NameProperty,FloatProperty",3,0.2,"NameProperty,FloatProperty",6,0.2,"NameProperty,FloatProperty",Attack,0.2,"NameProperty,FloatProperty",,,,,,,
JSword_Parry1,EWpnSPEntry::JSword_Parry,,EPBGameModePlayer::Miriam,EWeaponType::JapaneseSword,Noda,20,false,50,EArtsCommandStatus::Walking,,6,0.12,"NameProperty,FloatProperty",6,0.12,"NameProperty,FloatProperty",Attack,0.15,"NameProperty,FloatProperty",,,,,,,,,,
JSword_Parry2,EWpnSPEntry::JSword_Parry,,EPBGameModePlayer::Miriam,EWeaponType::JapaneseSword,ShiroTorujiro,20,false,50,EArtsCommandStatus::Walking,,6,0.12,"NameProperty,FloatProperty",6,0.12,"NameProperty,FloatProperty",Attack,0.15,"NameProperty,FloatProperty",,,,,,,,,,
JSword_Parry3,EWpnSPEntry::JSword_Parry,,EPBGameModePlayer::Miriam,EWeaponType::JapaneseSword,Swordsman,20,false,50,EArtsCommandStatus::Walking,,6,0.12,"NameProperty,FloatProperty",6,0.12,"NameProperty,FloatProperty",Attack,0.15,"NameProperty,FloatProperty",,,,,,,,,,
Invert,EWpnSPEntry::Invert,,EPBGameModePlayer::Miriam,EWeaponType::All,None,0,false,-1,EArtsCommandStatus::Walking,EArtsCommandStatus::Falling,2,0.2,"NameProperty,FloatProperty",8,0.2,"NameProperty,FloatProperty",Jump,0.2,"NameProperty,FloatProperty",,,,,,,,,,
Gun_Burst1,EWpnSPEntry::Gun_Burst,,EPBGameModePlayer::Miriam,EWeaponType::Gun,Branderbus,80,true,80,EArtsCommandStatus::Walking,,2,0.2,"NameProperty,FloatProperty",3,0.2,"NameProperty,FloatProperty",6,0.2,"NameProperty,FloatProperty",Attack,0.2,"NameProperty,FloatProperty",,,,,,,
Gun_Burst2,EWpnSPEntry::Gun_Burst,,EPBGameModePlayer::Miriam,EWeaponType::Gun,Trador,80,true,80,EArtsCommandStatus::Walking,,2,0.2,"NameProperty,FloatProperty",3,0.2,"NameProperty,FloatProperty",6,0.2,"NameProperty,FloatProperty",Attack,0.2,"NameProperty,FloatProperty",,,,,,,
Gun_Burst3,EWpnSPEntry::Gun_Burst,,EPBGameModePlayer::Miriam,EWeaponType::Gun,Ursula,80,true,80,EArtsCommandStatus::Walking,,2,0.2,"NameProperty,FloatProperty",3,0.2,"NameProperty,FloatProperty",6,0.2,"NameProperty,FloatProperty",Attack,0.2,"NameProperty,FloatProperty",,,,,,,
Zangetu_ShizukuJin,EWpnSPEntry::Zangetu_ShizukuJin,,EPBGameModePlayer::Zangetsu,EWeaponType::All,None,0,false,100,EArtsCommandStatus::Falling,,2,0.2,"NameProperty,FloatProperty",2,0.2,"NameProperty,FloatProperty",Attack,0.2,"NameProperty,FloatProperty",,,,,,,,,,
Zangetu_KiriageZan,EWpnSPEntry::Zangetu_KiriageZan,,EPBGameModePlayer::Zangetsu,EWeaponType::All,None,0,false,100,EArtsCommandStatus::Walking,,2,0.2,"NameProperty,FloatProperty",3,0.2,"NameProperty,FloatProperty",6,0.2,"NameProperty,FloatProperty",Attack,0.2,"NameProperty,FloatProperty",,,,,,,
Zangetu_MatterOfVoid,EWpnSPEntry::Zangetu_MatterOfVoid,,EPBGameModePlayer::Zangetsu,EWeaponType::All,None,0,false,100,EArtsCommandStatus::Walking,,6,0.25,"NameProperty,FloatProperty",4,0.25,"NameProperty,FloatProperty",6,0.25,"NameProperty,FloatProperty",Attack,0.25,"NameProperty,FloatProperty",,,,,,,
